relative_path,family,group,subject_id,subject_number,visit,condition,file_size_bytes,sha256,n_variables,has_errors
PSD\hc\PSDrelative_ID_01_CTR_CE.mat,psd,hc,hc_01,1,CTR,CE,32324,62d9e0c495e4373e26487f588c70a462bacda82b4773548b207e366fc901cf51,28,False
PSD\hc\PSDrelative_ID_01_CTR_OE.mat,psd,hc,hc_01,1,CTR,OE,32375,4f547e679c7d6c7771b8fd02491ad76e8dc4ee0ba498673814c16586a119d987,28,False
PSD\hc\PSDrelative_ID_02_CTR_CE.mat,psd,hc,hc_02,2,CTR,CE,32956,1cfbe737589c7a171df7e779faafb08f920dc63c2bf9b5840dbeadd24f51fe81,28,False
PSD\hc\PSDrelative_ID_02_CTR_OE.mat,psd,hc,hc_02,2,CTR,OE,32924,f1efe290dff9fdda7dff002d7ac0964722c7d79c2ad82aa809b1f8b4804710c5,28,False
PSD\hc\PSDrelative_ID_03_CTR_CE.mat,psd,hc,hc_03,3,CTR,CE,33222,8798a4acd38aa4241ee3dc3964ae07a11369fbec4b2c343651fe0db1d9077fc8,28,False
PSD\hc\PSDrelative_ID_03_CTR_OE.mat,psd,hc,hc_03,3,CTR,OE,32928,8a4a553b538e71a28eee2407d8106fc48cac586050c99840459b30d524e54b06,28,False
PSD\hc\PSDrelative_ID_04_CTR_CE.mat,psd,hc,hc_04,4,CTR,CE,33017,7aaba347e92c397a06a90273d7bc06c31810be71793421d3ec6d9dccd520a191,28,False
PSD\hc\PSDrelative_ID_04_CTR_OE.mat,psd,hc,hc_04,4,CTR,OE,33123,7ef0de4169342893ffdb1393e6c87a0a1ff39704b16a8996225a2f94250bcc8b,28,False
PSD\hc\PSDrelative_ID_05_CTR_CE.mat,psd,hc,hc_05,5,CTR,CE,32743,70d96c66de66246fd17156ae57c31b4bd7f1df03047a8d73134ad017c34d7918,28,False
PSD\hc\PSDrelative_ID_05_CTR_OE.mat,psd,hc,hc_05,5,CTR,OE,32693,3ff593a0f47f7babacf6dbe28b53c358b135957e61b258af61bffd078eab3a04,28,False
PSD\hc\PSDrelative_ID_06_CTR_CE.mat,psd,hc,hc_06,6,CTR,CE,33153,aac600280d3a90b3dbd2f0c0a80ffafefe8236bdd8e877904a3c5b087408ef1b,28,False
PSD\hc\PSDrelative_ID_06_CTR_OE.mat,psd,hc,hc_06,6,CTR,OE,32676,1abb08ab7470c1f2c7f5142ba91f355fb07b18ef1f68292a259c936ce6c83065,28,False
PSD\hc\PSDrelative_ID_07_CTR_CE.mat,psd,hc,hc_07,7,CTR,CE,32991,79a482f7a2ff33c8a89271188693026e9d6367845b44573aded95948e2c98180,28,False
PSD\hc\PSDrelative_ID_07_CTR_OE.mat,psd,hc,hc_07,7,CTR,OE,33047,0c74456f2b4d06a9bf04c2d4a88d674942b614a38c70838ca9bd47689ca5cdfc,28,False
PSD\hc\PSDrelative_ID_08_CTR_CE.mat,psd,hc,hc_08,8,CTR,CE,33081,0ca06040eac1cee82b18c7c316c8043f8b544cab21fa9cc9e6d0203b10f386e7,28,False
PSD\hc\PSDrelative_ID_08_CTR_OE.mat,psd,hc,hc_08,8,CTR,OE,32902,bb14291684f8e7d7607cde69c1c85935d1ea7aab279b205e4cd6c417942be3c2,28,False
PSD\ms\PSDrelative_ID_01_T0_CE.mat,psd,ms,ms_01,1,T0,CE,32875,d92490bbc54c9ae626bef3dda18b7d53a22b2c92dab490027e76f5e92bcf6ca9,28,False
PSD\ms\PSDrelative_ID_01_T0_OE.mat,psd,ms,ms_01,1,T0,OE,32520,c04a7415b5d94cf7190e4e769008fc781e4518c1f4c4de91201a5f4a43e1c1f0,28,False
PSD\ms\PSDrelative_ID_02_T0_CE.mat,psd,ms,ms_02,2,T0,CE,32572,898b667167a3a911e58f8bbc5b20ecd6647bb3a56633a1f46c2fcc715d48023c,28,False
PSD\ms\PSDrelative_ID_02_T0_OE.mat,psd,ms,ms_02,2,T0,OE,32300,18f5eb23213e7f73c4a893198b30e397b25863226df6f863dddf8306efb45580,28,False
PSD\ms\PSDrelative_ID_03_T0_CE.mat,psd,ms,ms_03,3,T0,CE,33242,93f81eb45935064fd2b38b8c26476dd3dd844644dc4a83fb24705e5dd0a9ae48,28,False
PSD\ms\PSDrelative_ID_03_T0_OE.mat,psd,ms,ms_03,3,T0,OE,33063,dabe5fc976cd823017c00b3a434477bb653cff711c8dd43f21d7c20e4d22a6c9,28,False
PSD\ms\PSDrelative_ID_04_T0_CE.mat,psd,ms,ms_04,4,T0,CE,33046,ae48de11dbb8a4a3bea7a1511cbfd6e7e55661f0bdadac0f1698179148509ebc,28,False
PSD\ms\PSDrelative_ID_04_T0_OE.mat,psd,ms,ms_04,4,T0,OE,32751,56d2818dc2e06e673a567b27d572b989781f196a2fd4001f03383cfa391d537d,28,False
PSD\ms\PSDrelative_ID_05_T0_CE.mat,psd,ms,ms_05,5,T0,CE,32993,539d069849c1dbac9cbf2884b3cdd8020e2ffab73225cbb06d613080c8987308,28,False
PSD\ms\PSDrelative_ID_05_T0_OE.mat,psd,ms,ms_05,5,T0,OE,33083,f0b90b1a334b1515cd0e3274de874146c32a960425214bfdf06a538a0ab59c89,28,False
PSD\ms\PSDrelative_ID_06_T0_CE.mat,psd,ms,ms_06,6,T0,CE,32857,b6c9452905a8b9221e151222300011c0504a006d380a5c58e9fc033383b84064,28,False
PSD\ms\PSDrelative_ID_06_T0_OE.mat,psd,ms,ms_06,6,T0,OE,33202,7d8f877d05ed747c6e4632ddff3f4700144e7b2cb5b67b0486900cdc855f75f3,28,False
PSD\ms\PSDrelative_ID_07_T0_CE.mat,psd,ms,ms_07,7,T0,CE,32849,644052113a45bf068659305d4b69932e146e06635bf784bc01a856529ce5985a,28,False
PSD\ms\PSDrelative_ID_07_T0_OE.mat,psd,ms,ms_07,7,T0,OE,32832,8dd299794cf820b8b044183b82f74a2201407f5096f19690098f2932f0459966,28,False
PSD\ms\PSDrelative_ID_08_T0_CE.mat,psd,ms,ms_08,8,T0,CE,32875,64c4f23650b4ba5dab074b2e8a1c50921d524dcd7ab4071f362e9fbc2ca5282e,28,False
PSD\ms\PSDrelative_ID_08_T0_OE.mat,psd,ms,ms_08,8,T0,OE,32936,e2b17256710d358acc02a6a536e23b404e5b44d5a8cd71c451abe64e3fb235af,28,False
PSD\ms\PSDrelative_ID_09_T0_CE.mat,psd,ms,ms_09,9,T0,CE,32842,92800337aa0686fd9856bae3b18045f0ec0e63438303d074498e63ac325abf19,28,False
PSD\ms\PSDrelative_ID_09_T0_OE.mat,psd,ms,ms_09,9,T0,OE,32793,7bcfc7a5ccfe20ae8e76b575969638a33a4395fb6dfac8511050cbb60a0d97d5,28,False
PSD\ms\PSDrelative_ID_10_T0_CE.mat,psd,ms,ms_10,10,T0,CE,32843,5434be9532d270028846445913ec700a02fe34086a46988deef087092687c9b4,28,False
PSD\ms\PSDrelative_ID_10_T0_OE.mat,psd,ms,ms_10,10,T0,OE,32721,d0f8b395454422d6c329698ff83c2ce7ace0919cd39996a3cff68e3544184dd3,28,False
PSD\ms\PSDrelative_ID_11_T0_CE.mat,psd,ms,ms_11,11,T0,CE,32765,f49ec2bc3fa02bdb9fd76654026ec4e41e65f8b0f73e6f687258cb6123f348ce,28,False
PSD\ms\PSDrelative_ID_11_T0_OE.mat,psd,ms,ms_11,11,T0,OE,32718,2af057d81740f88359767d660eefcbbd6b9b3c734b2ee87c6eda759bb8f7940f,28,False
PSD\ms\PSDrelative_ID_12_T0_CE.mat,psd,ms,ms_12,12,T0,CE,33076,19882065814b14cc6d751343abc7612a1db96583c79d3bb8f151de43c16f4cf3,28,False
PSD\ms\PSDrelative_ID_12_T0_OE.mat,psd,ms,ms_12,12,T0,OE,33072,d19e6514083be7564e5dc32ee726a6bb1d086dc307186844e4a10053619da4ca,28,False
PSD\ms\PSDrelative_ID_13_T0_CE.mat,psd,ms,ms_13,13,T0,CE,32490,9f3f0e7658ed41dbfd3732c8318a3ab162cda16b9d422eb30b1957320527ae35,28,False
PSD\ms\PSDrelative_ID_13_T0_OE.mat,psd,ms,ms_13,13,T0,OE,32506,765df7adf34a96c85f154912e4bec3181e330e8289214750120a43d15bdeaa21,28,False
PSD\ms\PSDrelative_ID_14_T0_CE.mat,psd,ms,ms_14,14,T0,CE,32958,44cb2145bb5a697fbd6ae8b265dd645cddc7af27ad6e656775de15c8ac658378,28,False
PSD\ms\PSDrelative_ID_14_T0_OE.mat,psd,ms,ms_14,14,T0,OE,33414,479b04a35c0a1bd7b2ddb5d8f05c1bfab58b0eaac7de6e5824a138378cc91f93,28,False
PSD\ms\PSDrelative_ID_15_T0_CE.mat,psd,ms,ms_15,15,T0,CE,32937,cd7de694cd89ea50897a278757fa117e01acb008146ae500ff12e17e3ee69668,28,False
PSD\ms\PSDrelative_ID_15_T0_OE.mat,psd,ms,ms_15,15,T0,OE,32769,b0e9cdf991b2d721857a6f3096accc44036ff932408c83d1060e927073561128,28,False
PSD\ms\PSDrelative_ID_16_T0_CE.mat,psd,ms,ms_16,16,T0,CE,33070,395e68f9fefe35c9409112dadd4bcba9f72abf6e9f35a5db9d1f644938c3d9f3,28,False
PSD\ms\PSDrelative_ID_16_T0_OE.mat,psd,ms,ms_16,16,T0,OE,32867,c48bdeb5b8670b54861fd931ec40a666b66389c7039d1553e9799ed17d3a76be,28,False
PSD\ms\PSDrelative_ID_17_T0_CE.mat,psd,ms,ms_17,17,T0,CE,32894,6576c8187f717179b7621e3f9d487a455a498523be243bca1eb6ac5d3c97a57d,28,False
PSD\ms\PSDrelative_ID_17_T0_OE.mat,psd,ms,ms_17,17,T0,OE,32787,f4fce85c547873d19146f8215f83f8d3b6ccceae597b439865c3cb1703cea848,28,False
PSD\ms\PSDrelative_ID_18_T0_CE.mat,psd,ms,ms_18,18,T0,CE,32545,986d878389a593b3547b53be504c3d977a17c9880302bac222e3b9a63cf72a21,28,False
PSD\ms\PSDrelative_ID_18_T0_OE.mat,psd,ms,ms_18,18,T0,OE,32636,aeeb52fecb8b3ed7d30ee2aa8b8f659114ccea53e8decb093c0e1930c2216307,28,False
PSD\ms\PSDrelative_ID_19_T0_CE.mat,psd,ms,ms_19,19,T0,CE,32672,96f2cc9c59181593a551d28645a40c15c4cde2f6575137d99b2e8a6836a67c4c,28,False
PSD\ms\PSDrelative_ID_19_T0_OE.mat,psd,ms,ms_19,19,T0,OE,32624,0e2632d7590776369490cf2ca239eb3e6883d56f52467bbc8625253ae7f4951f,28,False
PSD\ms\PSDrelative_ID_20_T0_CE.mat,psd,ms,ms_20,20,T0,CE,32799,d618fe0ad9d6bcdbbd2483f3ad3db9aa1e338547c5d7764b6b6ae31c8b5084cb,28,False
PSD\ms\PSDrelative_ID_20_T0_OE.mat,psd,ms,ms_20,20,T0,OE,32692,99dc4f3210b0ed519920b79941b8044afd6704252f785ec699d3572c55d00d0d,28,False
PSD\ms\PSDrelative_ID_21_T0_CE.mat,psd,ms,ms_21,21,T0,CE,32972,03906738655c50dbfa607438c2c582585c5ac4a3381d2fcccccd1e11d469e6ec,28,False
PSD\ms\PSDrelative_ID_21_T0_OE.mat,psd,ms,ms_21,21,T0,OE,32754,eb91ed60061a5a7ee09c15089ec5c1e807aac626f01c7c1f0ca1d8032e1efbf6,28,False
PSD\ms\PSDrelative_ID_22_T0_CE.mat,psd,ms,ms_22,22,T0,CE,32776,c75e7cd841b3c623768eddb0c1d04ec47198f137727fde195a7655f7e13eea39,28,False
PSD\ms\PSDrelative_ID_22_T0_OE.mat,psd,ms,ms_22,22,T0,OE,32630,e3693aa32b5e54308dca0527d4d529f35ee7d644613b53e9ef64f7434ce3d8ea,28,False
PSD\ms\PSDrelative_ID_23_T0_CE.mat,psd,ms,ms_23,23,T0,CE,32868,23240324b31202178a9d3b0881347d2d73d68654006942e082b67db28e755312,28,False
PSD\ms\PSDrelative_ID_23_T0_OE.mat,psd,ms,ms_23,23,T0,OE,33216,4b23a817b9935a2c61fcd6a7fd9dfaf801c3b8aceb745b935ff0cfae1710add7,28,False
PSD\ms\PSDrelative_ID_24_T0_CE.mat,psd,ms,ms_24,24,T0,CE,32613,b60ce03cfec8e744ee85ba27595ac27594e5a95829d97eb9de889d13b54de16a,28,False
PSD\ms\PSDrelative_ID_24_T0_OE.mat,psd,ms,ms_24,24,T0,OE,32168,4ed22ac7f7f5728587f2987cad17e138d536b3632bc36da57e626ebe7f36cc6d,28,False
Complexity\hc\SpectralEntropy_ID_01_CTR_CE.mat,complexity,hc,hc_01,1,CTR,CE,4736,3510d3ab603947ae84930140a9c4c0105af7ba1469b36e6f048b5044d298d778,2,False
Complexity\hc\SpectralEntropy_ID_01_CTR_OE.mat,complexity,hc,hc_01,1,CTR,OE,4752,69404e22c2337f0ae63018ea65a0f2778c8b9ded9447bc4e313493181cc93ef2,2,False
Complexity\hc\SpectralEntropy_ID_02_CTR_CE.mat,complexity,hc,hc_02,2,CTR,CE,4983,d887e2af87f237963ea68c47415744319b21d8766d4cf0b0b32d8a5ae5ae0700,2,False
Complexity\hc\SpectralEntropy_ID_02_CTR_OE.mat,complexity,hc,hc_02,2,CTR,OE,4796,bd9ec8187d44ad5a5e7415a4f80274584c760db5ed38c2710dd7ee30fcb6928e,2,False
Complexity\hc\SpectralEntropy_ID_03_CTR_CE.mat,complexity,hc,hc_03,3,CTR,CE,4796,a643e392883fa6584522f0c5d515ec0b704a70f700f9ecfb4a8a14211d465716,2,False
Complexity\hc\SpectralEntropy_ID_03_CTR_OE.mat,complexity,hc,hc_03,3,CTR,OE,4774,654d80851ecdfa60781161f0490c2bd6e06d88b6684f5ef6587fd4832c0e7e4e,2,False
Complexity\hc\SpectralEntropy_ID_04_CTR_CE.mat,complexity,hc,hc_04,4,CTR,CE,4765,828ba0a5963965a6d91654f84ded84115c433385f70a9f386b956b347d0262d4,2,False
Complexity\hc\SpectralEntropy_ID_04_CTR_OE.mat,complexity,hc,hc_04,4,CTR,OE,4791,7ce2c7ba7e0d581f44a75123b14b1f20d4aa49e66b6aa4c65c7e2366ce46e1d9,2,False
Complexity\hc\SpectralEntropy_ID_05_CTR_CE.mat,complexity,hc,hc_05,5,CTR,CE,4747,617b0142948477443ed657e99227ddd6ea79d35a504e4e514d90ebbd8339d40f,2,False
Complexity\hc\SpectralEntropy_ID_05_CTR_OE.mat,complexity,hc,hc_05,5,CTR,OE,4750,8a79209c39c09094c6e0238613dba4d49d1246839067a90db233a2b58fee4104,2,False
Complexity\hc\SpectralEntropy_ID_06_CTR_CE.mat,complexity,hc,hc_06,6,CTR,CE,4798,acce574a33953168d5a6d73dda515b409e4a9f5b7ecea1dbb9a7a63209818bc2,2,False
Complexity\hc\SpectralEntropy_ID_06_CTR_OE.mat,complexity,hc,hc_06,6,CTR,OE,4749,4f0152b4813e786e4dbc9d950826999e77e9915c89df0b792f01af3ece4de8f9,2,False
Complexity\hc\SpectralEntropy_ID_07_CTR_CE.mat,complexity,hc,hc_07,7,CTR,CE,4798,473dcb8fb59a58ac744e722f52eace15bdfa3585c13d672bad299061e3a7357c,2,False
Complexity\hc\SpectralEntropy_ID_07_CTR_OE.mat,complexity,hc,hc_07,7,CTR,OE,4794,06b97c32b96a3589bc3f1417f265172dc5c158941b0dfb3e8411e736214ea12b,2,False
Complexity\hc\SpectralEntropy_ID_08_CTR_CE.mat,complexity,hc,hc_08,8,CTR,CE,4773,2f667f13620e9b863e1fb3ae63fefaaee50c61ae73fa5c6cbd669c03a18832b0,2,False
Complexity\hc\SpectralEntropy_ID_08_CTR_OE.mat,complexity,hc,hc_08,8,CTR,OE,4786,92738562ef2ecab9fff539752585877dd86beaa522b29bcae0f38a6892b524f4,2,False
Complexity\ms\SpectralEntropy_ID_01_T0_CE.mat,complexity,ms,ms_01,1,T0,CE,4807,002dc22d3797a29c54223bab47524cf772b45f57574357178f0b5eabefeee314,2,False
Complexity\ms\SpectralEntropy_ID_01_T0_OE.mat,complexity,ms,ms_01,1,T0,OE,4792,fe24ed0d284c2f8a140df4246f5510feb855b9d0c2f925698edd3aa57b14dccf,2,False
Complexity\ms\SpectralEntropy_ID_02_T0_CE.mat,complexity,ms,ms_02,2,T0,CE,4972,02cc7506bbca29eccf76c733a1d855c23fec0afdd377d2fcbd36d2b6d44df47f,2,False
Complexity\ms\SpectralEntropy_ID_02_T0_OE.mat,complexity,ms,ms_02,2,T0,OE,4949,08613cc8b6627ee9306ba7c2166ba936fe53c9b8481f4ea6660c94bb5976da9b,2,False
Complexity\ms\SpectralEntropy_ID_03_T0_CE.mat,complexity,ms,ms_03,3,T0,CE,5203,9af5c196950fc25935569c460a9c9665eaa1d1bb01aad2c0d74ba74742ddff8a,2,False
Complexity\ms\SpectralEntropy_ID_03_T0_OE.mat,complexity,ms,ms_03,3,T0,OE,5409,b6be65f04869551ddf3dbdfa4612d6e804b6c7934a2abad47f4485057c60ee41,2,False
Complexity\ms\SpectralEntropy_ID_04_T0_CE.mat,complexity,ms,ms_04,4,T0,CE,4993,628f60917a5036170244d45af72c039bb06c74a51e2575d6fa92fd0695867ba4,2,False
Complexity\ms\SpectralEntropy_ID_04_T0_OE.mat,complexity,ms,ms_04,4,T0,OE,4770,96c5b10e453aca93f6d1ec94ec1c80d84ff19dae56a2fc9c88b994472b9a7c89,2,False
Complexity\ms\SpectralEntropy_ID_05_T0_CE.mat,complexity,ms,ms_05,5,T0,CE,4990,b657660d2411cf217d98c4d15e896e8befc242dd224621facb8024b2ed69e088,2,False
Complexity\ms\SpectralEntropy_ID_05_T0_OE.mat,complexity,ms,ms_05,5,T0,OE,5170,3993aaa68e6cc80fcc90d35789d19063ab32e437711c2cf1b4590898312bdd96,2,False
Complexity\ms\SpectralEntropy_ID_06_T0_CE.mat,complexity,ms,ms_06,6,T0,CE,4792,553b9145f48687a189851dc72489c594662d96251a732a73c20c8aae34020131,2,False
Complexity\ms\SpectralEntropy_ID_06_T0_OE.mat,complexity,ms,ms_06,6,T0,OE,5017,5f2687dc17ed942c77238c254c5f7241f46747507e3d8c3aa1d239bc2aef8d82,2,False
Complexity\ms\SpectralEntropy_ID_07_T0_CE.mat,complexity,ms,ms_07,7,T0,CE,4991,61fb92185fb51973964587200f0463c302bcbf24e8a0dec5613b1897f2ae1ebf,2,False
Complexity\ms\SpectralEntropy_ID_07_T0_OE.mat,complexity,ms,ms_07,7,T0,OE,4771,d94adef6023150de98030bda27bdba5fb05be26d2eef378644b699b94c9940e9,2,False
Complexity\ms\SpectralEntropy_ID_08_T0_CE.mat,complexity,ms,ms_08,8,T0,CE,4968,919c8798dce6a0ee94b5061664d19641ad1867f9f28efc99cde2b4a0b7032962,2,False
Complexity\ms\SpectralEntropy_ID_08_T0_OE.mat,complexity,ms,ms_08,8,T0,OE,4779,139fdc9d3db6909d0463284d7008d663fb9012b73fc6f912335ffecf519f84a4,2,False
Complexity\ms\SpectralEntropy_ID_09_T0_CE.mat,complexity,ms,ms_09,9,T0,CE,4734,de1fb918ce4979c0aaa29654f658f47118cf079f49e1362187b69dd047494702,2,False
Complexity\ms\SpectralEntropy_ID_09_T0_OE.mat,complexity,ms,ms_09,9,T0,OE,4709,cf26d59a58a2f6dad377d7c0174d8e653e1fd391ec20aaafea96575e5eb29a30,2,False
Complexity\ms\SpectralEntropy_ID_10_T0_CE.mat,complexity,ms,ms_10,10,T0,CE,4789,41587405d6cf45d08515b0010c9388691f5b65f6ee1675aeb31b7d7eaa2c7874,2,False
Complexity\ms\SpectralEntropy_ID_10_T0_OE.mat,complexity,ms,ms_10,10,T0,OE,5198,1c18e2586a95556d37453228afc5bd1d6e38a510db50b08f1df29ba1b39cc18a,2,False
Complexity\ms\SpectralEntropy_ID_11_T0_CE.mat,complexity,ms,ms_11,11,T0,CE,4973,c23dabd3fe46078fb9666e3c3a804aad9cb79fa15542beafad647ebdc9f36693,2,False
Complexity\ms\SpectralEntropy_ID_11_T0_OE.mat,complexity,ms,ms_11,11,T0,OE,4773,c0ae29853f7c06d76004c610d8098349118388307fa14830db5fb3ac40fbf8e5,2,False
Complexity\ms\SpectralEntropy_ID_12_T0_CE.mat,complexity,ms,ms_12,12,T0,CE,4977,fe4ec2a50e6a7b4aadc99fabfb40af4606a28ca5304f7eb392a8a95869358485,2,False
Complexity\ms\SpectralEntropy_ID_12_T0_OE.mat,complexity,ms,ms_12,12,T0,OE,4770,44d7f2a31c0377c4271e1d0aea07f91dd7c41149f285bd795a8c67267bb090a2,2,False
Complexity\ms\SpectralEntropy_ID_13_T0_CE.mat,complexity,ms,ms_13,13,T0,CE,4969,be74768a264315633189e48c5847c9128b3cbb29b2fccded19a4f423f9c6b68a,2,False
Complexity\ms\SpectralEntropy_ID_13_T0_OE.mat,complexity,ms,ms_13,13,T0,OE,4761,7460d4aa3fc268e726b563eeff9915ccc677ee43f5d7f30b60579d8dd9740dc0,2,False
Complexity\ms\SpectralEntropy_ID_14_T0_CE.mat,complexity,ms,ms_14,14,T0,CE,4969,47b547379bf703a92eb7a04a149d7b3125c3f5b3a2005c7dfaeb53a52a6be0ab,2,False
Complexity\ms\SpectralEntropy_ID_14_T0_OE.mat,complexity,ms,ms_14,14,T0,OE,5214,caccc1d597b3b327cb70b39e8fb4040439353f4f6100e70d613f61a8c2507116,2,False
Complexity\ms\SpectralEntropy_ID_15_T0_CE.mat,complexity,ms,ms_15,15,T0,CE,5001,573931ead97bf2c3668b7ca7614b2a96b28f282370da12fcefd514ca65e95097,2,False
Complexity\ms\SpectralEntropy_ID_15_T0_OE.mat,complexity,ms,ms_15,15,T0,OE,5184,e43347e68f03634056a534670068f89bc4d4355adef9e0ced0752a8ceb0b4379,2,False
Complexity\ms\SpectralEntropy_ID_16_T0_CE.mat,complexity,ms,ms_16,16,T0,CE,5004,c114f9c52d26cc160278e340c18aac86c43a048b115bf5a66dac11842258bf22,2,False
Complexity\ms\SpectralEntropy_ID_16_T0_OE.mat,complexity,ms,ms_16,16,T0,OE,4756,2ba2f192c91b7f348dd65c515a026efa077c8bc6e8a0d240d29180da99c6ba90,2,False
Complexity\ms\SpectralEntropy_ID_17_T0_CE.mat,complexity,ms,ms_17,17,T0,CE,4773,4a60ca9b951b45e09b718dd913fce6bd4c3ca623c7ae565cd527d85ef440c927,2,False
Complexity\ms\SpectralEntropy_ID_17_T0_OE.mat,complexity,ms,ms_17,17,T0,OE,4973,918e0587ad478295f4b85a417e9401ed38dbdc434a10e58d36f747bc230685c7,2,False
Complexity\ms\SpectralEntropy_ID_18_T0_CE.mat,complexity,ms,ms_18,18,T0,CE,4949,67fcf1deb754dfd42ea62eb54d3aba48a24099aca9ccf9b9d69fbab38a543102,2,False
Complexity\ms\SpectralEntropy_ID_18_T0_OE.mat,complexity,ms,ms_18,18,T0,OE,4967,a7b4016ae9e1d791c162cdd804751b375c59f145f15e1136dcc96b23e1045fea,2,False
Complexity\ms\SpectralEntropy_ID_19_T0_CE.mat,complexity,ms,ms_19,19,T0,CE,4990,ce9babc1bd282fc93fcc6e1d107e0d51c47822c25946606d4aa3a9588b9c69e4,2,False
Complexity\ms\SpectralEntropy_ID_19_T0_OE.mat,complexity,ms,ms_19,19,T0,OE,5185,0678dedc2884859e9a50b638532591465d21174cacfd2d147ef6a578c5c4ee58,2,False
Complexity\ms\SpectralEntropy_ID_20_T0_CE.mat,complexity,ms,ms_20,20,T0,CE,4979,2ae218ee12b7f7f7aeaaa3cf76d733a1f3ab326ca55bceff12fe0a1eca534bc7,2,False
Complexity\ms\SpectralEntropy_ID_20_T0_OE.mat,complexity,ms,ms_20,20,T0,OE,4781,0b3bbcc87558bd84c04c324785062b5a7765c90a04e2199f8ec633c3c1a57ba0,2,False
Complexity\ms\SpectralEntropy_ID_21_T0_CE.mat,complexity,ms,ms_21,21,T0,CE,4986,a81dfe1d0ee5ab47ce4f0032f35c3f30b2e1a06943d74ef9b374496c46dbae70,2,False
Complexity\ms\SpectralEntropy_ID_21_T0_OE.mat,complexity,ms,ms_21,21,T0,OE,4771,fbc6d0815a9f2aac7c21a113a590482fea3498dc2f7beee795ad1cb21879c585,2,False
Complexity\ms\SpectralEntropy_ID_22_T0_CE.mat,complexity,ms,ms_22,22,T0,CE,4773,8146f4ee4fad122c730c3b5f464f63535d925fa9390b9c804e6cddf3685be6cc,2,False
Complexity\ms\SpectralEntropy_ID_22_T0_OE.mat,complexity,ms,ms_22,22,T0,OE,4737,b85e9cc73fac005a47834dc68fc2f9e1ff3efeef1036aa788362e3c9e1a26335,2,False
Complexity\ms\SpectralEntropy_ID_23_T0_CE.mat,complexity,ms,ms_23,23,T0,CE,4773,376035022d2318e427db366fb9388967571197684633b565b84d95b5e3e04658,2,False
Complexity\ms\SpectralEntropy_ID_23_T0_OE.mat,complexity,ms,ms_23,23,T0,OE,4815,387bc158182bd5b59968fdc90552cee26e3539899f36ecdd4d59b8c39ea3208b,2,False
Complexity\ms\SpectralEntropy_ID_24_T0_CE.mat,complexity,ms,ms_24,24,T0,CE,4762,2b3870a4387324cd151419020c8b305e64febd976de0417e4327bdb6270e8892,2,False
Complexity\ms\SpectralEntropy_ID_24_T0_OE.mat,complexity,ms,ms_24,24,T0,OE,4956,f99aa7dab7572d9d751526d6ab5d2e7542f43bc281a785a0ecd32ed6b42879ee,2,False
