model,repeat,fold,subject_id,target,probability_ms
roi__dummy,1,1,hc_01,0,0.75
roi__dummy,1,1,hc_03,0,0.75
roi__dummy,1,1,ms_10,1,0.75
roi__dummy,1,1,ms_11,1,0.75
roi__dummy,1,1,ms_13,1,0.75
roi__dummy,1,1,ms_17,1,0.75
roi__dummy,1,1,ms_18,1,0.75
roi__dummy,1,1,ms_20,1,0.75
roi__dummy,1,2,hc_05,0,0.75
roi__dummy,1,2,hc_07,0,0.75
roi__dummy,1,2,ms_05,1,0.75
roi__dummy,1,2,ms_06,1,0.75
roi__dummy,1,2,ms_15,1,0.75
roi__dummy,1,2,ms_19,1,0.75
roi__dummy,1,2,ms_22,1,0.75
roi__dummy,1,2,ms_24,1,0.75
roi__dummy,1,3,hc_02,0,0.75
roi__dummy,1,3,hc_06,0,0.75
roi__dummy,1,3,ms_01,1,0.75
roi__dummy,1,3,ms_02,1,0.75
roi__dummy,1,3,ms_04,1,0.75
roi__dummy,1,3,ms_09,1,0.75
roi__dummy,1,3,ms_12,1,0.75
roi__dummy,1,3,ms_14,1,0.75
roi__dummy,1,4,hc_04,0,0.75
roi__dummy,1,4,hc_08,0,0.75
roi__dummy,1,4,ms_03,1,0.75
roi__dummy,1,4,ms_07,1,0.75
roi__dummy,1,4,ms_08,1,0.75
roi__dummy,1,4,ms_16,1,0.75
roi__dummy,1,4,ms_21,1,0.75
roi__dummy,1,4,ms_23,1,0.75
roi__dummy,2,1,hc_01,0,0.75
roi__dummy,2,1,hc_08,0,0.75
roi__dummy,2,1,ms_03,1,0.75
roi__dummy,2,1,ms_05,1,0.75
roi__dummy,2,1,ms_13,1,0.75
roi__dummy,2,1,ms_17,1,0.75
roi__dummy,2,1,ms_23,1,0.75
roi__dummy,2,1,ms_24,1,0.75
roi__dummy,2,2,hc_05,0,0.75
roi__dummy,2,2,hc_07,0,0.75
roi__dummy,2,2,ms_01,1,0.75
roi__dummy,2,2,ms_02,1,0.75
roi__dummy,2,2,ms_12,1,0.75
roi__dummy,2,2,ms_15,1,0.75
roi__dummy,2,2,ms_20,1,0.75
roi__dummy,2,2,ms_21,1,0.75
roi__dummy,2,3,hc_03,0,0.75
roi__dummy,2,3,hc_04,0,0.75
roi__dummy,2,3,ms_07,1,0.75
roi__dummy,2,3,ms_08,1,0.75
roi__dummy,2,3,ms_10,1,0.75
roi__dummy,2,3,ms_11,1,0.75
roi__dummy,2,3,ms_14,1,0.75
roi__dummy,2,3,ms_18,1,0.75
roi__dummy,2,4,hc_02,0,0.75
roi__dummy,2,4,hc_06,0,0.75
roi__dummy,2,4,ms_04,1,0.75
roi__dummy,2,4,ms_06,1,0.75
roi__dummy,2,4,ms_09,1,0.75
roi__dummy,2,4,ms_16,1,0.75
roi__dummy,2,4,ms_19,1,0.75
roi__dummy,2,4,ms_22,1,0.75
roi__dummy,3,1,hc_03,0,0.75
roi__dummy,3,1,hc_05,0,0.75
roi__dummy,3,1,ms_01,1,0.75
roi__dummy,3,1,ms_02,1,0.75
roi__dummy,3,1,ms_09,1,0.75
roi__dummy,3,1,ms_22,1,0.75
roi__dummy,3,1,ms_23,1,0.75
roi__dummy,3,1,ms_24,1,0.75
roi__dummy,3,2,hc_04,0,0.75
roi__dummy,3,2,hc_07,0,0.75
roi__dummy,3,2,ms_07,1,0.75
roi__dummy,3,2,ms_11,1,0.75
roi__dummy,3,2,ms_12,1,0.75
roi__dummy,3,2,ms_13,1,0.75
roi__dummy,3,2,ms_18,1,0.75
roi__dummy,3,2,ms_21,1,0.75
roi__dummy,3,3,hc_01,0,0.75
roi__dummy,3,3,hc_06,0,0.75
roi__dummy,3,3,ms_04,1,0.75
roi__dummy,3,3,ms_06,1,0.75
roi__dummy,3,3,ms_08,1,0.75
roi__dummy,3,3,ms_10,1,0.75
roi__dummy,3,3,ms_15,1,0.75
roi__dummy,3,3,ms_19,1,0.75
roi__dummy,3,4,hc_02,0,0.75
roi__dummy,3,4,hc_08,0,0.75
roi__dummy,3,4,ms_03,1,0.75
roi__dummy,3,4,ms_05,1,0.75
roi__dummy,3,4,ms_14,1,0.75
roi__dummy,3,4,ms_16,1,0.75
roi__dummy,3,4,ms_17,1,0.75
roi__dummy,3,4,ms_20,1,0.75
roi__dummy,4,1,hc_01,0,0.75
roi__dummy,4,1,hc_04,0,0.75
roi__dummy,4,1,ms_04,1,0.75
roi__dummy,4,1,ms_06,1,0.75
roi__dummy,4,1,ms_08,1,0.75
roi__dummy,4,1,ms_10,1,0.75
roi__dummy,4,1,ms_16,1,0.75
roi__dummy,4,1,ms_23,1,0.75
roi__dummy,4,2,hc_02,0,0.75
roi__dummy,4,2,hc_08,0,0.75
roi__dummy,4,2,ms_02,1,0.75
roi__dummy,4,2,ms_17,1,0.75
roi__dummy,4,2,ms_18,1,0.75
roi__dummy,4,2,ms_19,1,0.75
roi__dummy,4,2,ms_21,1,0.75
roi__dummy,4,2,ms_22,1,0.75
roi__dummy,4,3,hc_03,0,0.75
roi__dummy,4,3,hc_05,0,0.75
roi__dummy,4,3,ms_03,1,0.75
roi__dummy,4,3,ms_07,1,0.75
roi__dummy,4,3,ms_11,1,0.75
roi__dummy,4,3,ms_13,1,0.75
roi__dummy,4,3,ms_14,1,0.75
roi__dummy,4,3,ms_24,1,0.75
roi__dummy,4,4,hc_06,0,0.75
roi__dummy,4,4,hc_07,0,0.75
roi__dummy,4,4,ms_01,1,0.75
roi__dummy,4,4,ms_05,1,0.75
roi__dummy,4,4,ms_09,1,0.75
roi__dummy,4,4,ms_12,1,0.75
roi__dummy,4,4,ms_15,1,0.75
roi__dummy,4,4,ms_20,1,0.75
roi__dummy,5,1,hc_02,0,0.75
roi__dummy,5,1,hc_03,0,0.75
roi__dummy,5,1,ms_03,1,0.75
roi__dummy,5,1,ms_04,1,0.75
roi__dummy,5,1,ms_05,1,0.75
roi__dummy,5,1,ms_21,1,0.75
roi__dummy,5,1,ms_23,1,0.75
roi__dummy,5,1,ms_24,1,0.75
roi__dummy,5,2,hc_01,0,0.75
roi__dummy,5,2,hc_04,0,0.75
roi__dummy,5,2,ms_01,1,0.75
roi__dummy,5,2,ms_07,1,0.75
roi__dummy,5,2,ms_11,1,0.75
roi__dummy,5,2,ms_12,1,0.75
roi__dummy,5,2,ms_14,1,0.75
roi__dummy,5,2,ms_15,1,0.75
roi__dummy,5,3,hc_05,0,0.75
roi__dummy,5,3,hc_06,0,0.75
roi__dummy,5,3,ms_02,1,0.75
roi__dummy,5,3,ms_06,1,0.75
roi__dummy,5,3,ms_08,1,0.75
roi__dummy,5,3,ms_09,1,0.75
roi__dummy,5,3,ms_19,1,0.75
roi__dummy,5,3,ms_20,1,0.75
roi__dummy,5,4,hc_07,0,0.75
roi__dummy,5,4,hc_08,0,0.75
roi__dummy,5,4,ms_10,1,0.75
roi__dummy,5,4,ms_13,1,0.75
roi__dummy,5,4,ms_16,1,0.75
roi__dummy,5,4,ms_17,1,0.75
roi__dummy,5,4,ms_18,1,0.75
roi__dummy,5,4,ms_22,1,0.75
roi__logistic_elastic_net,1,1,hc_01,0,0.728940150753581
roi__logistic_elastic_net,1,1,hc_03,0,0.5205341110337293
roi__logistic_elastic_net,1,1,ms_10,1,0.7108332959835801
roi__logistic_elastic_net,1,1,ms_11,1,0.7371410094717225
roi__logistic_elastic_net,1,1,ms_13,1,0.6166352654102721
roi__logistic_elastic_net,1,1,ms_17,1,0.3872207090254686
roi__logistic_elastic_net,1,1,ms_18,1,0.6330888616259343
roi__logistic_elastic_net,1,1,ms_20,1,0.16831357635595015
roi__logistic_elastic_net,1,2,hc_05,0,0.9943915530459307
roi__logistic_elastic_net,1,2,hc_07,0,0.9002039092485357
roi__logistic_elastic_net,1,2,ms_05,1,0.9960721294588274
roi__logistic_elastic_net,1,2,ms_06,1,0.9757000505578904
roi__logistic_elastic_net,1,2,ms_15,1,0.9999741716149425
roi__logistic_elastic_net,1,2,ms_19,1,0.06312582169324565
roi__logistic_elastic_net,1,2,ms_22,1,0.937988275425261
roi__logistic_elastic_net,1,2,ms_24,1,0.999887993915029
roi__logistic_elastic_net,1,3,hc_02,0,0.4179153258805773
roi__logistic_elastic_net,1,3,hc_06,0,0.550902412775766
roi__logistic_elastic_net,1,3,ms_01,1,0.5976168940165479
roi__logistic_elastic_net,1,3,ms_02,1,0.6197490316091272
roi__logistic_elastic_net,1,3,ms_04,1,0.518904589637212
roi__logistic_elastic_net,1,3,ms_09,1,0.4308290692633064
roi__logistic_elastic_net,1,3,ms_12,1,0.45170538923351866
roi__logistic_elastic_net,1,3,ms_14,1,0.5357865897603761
roi__logistic_elastic_net,1,4,hc_04,0,0.6499871240117238
roi__logistic_elastic_net,1,4,hc_08,0,0.4550173456112681
roi__logistic_elastic_net,1,4,ms_03,1,0.8219037081988284
roi__logistic_elastic_net,1,4,ms_07,1,0.2862816583644407
roi__logistic_elastic_net,1,4,ms_08,1,0.6981290909934181
roi__logistic_elastic_net,1,4,ms_16,1,0.3198986601180444
roi__logistic_elastic_net,1,4,ms_21,1,0.5378563781221263
roi__logistic_elastic_net,1,4,ms_23,1,0.5289796194729509
roi__logistic_elastic_net,2,1,hc_01,0,0.9984956300032471
roi__logistic_elastic_net,2,1,hc_08,0,0.2057715979214366
roi__logistic_elastic_net,2,1,ms_03,1,0.9605781413915216
roi__logistic_elastic_net,2,1,ms_05,1,0.9636773090601757
roi__logistic_elastic_net,2,1,ms_13,1,0.8651936914387506
roi__logistic_elastic_net,2,1,ms_17,1,0.0515873022225555
roi__logistic_elastic_net,2,1,ms_23,1,0.5852606977949409
roi__logistic_elastic_net,2,1,ms_24,1,0.9999839285697784
roi__logistic_elastic_net,2,2,hc_05,0,0.999974131373697
roi__logistic_elastic_net,2,2,hc_07,0,0.9862206983769014
roi__logistic_elastic_net,2,2,ms_01,1,0.9968597599962684
roi__logistic_elastic_net,2,2,ms_02,1,0.9995521718217285
roi__logistic_elastic_net,2,2,ms_12,1,0.9999955816954462
roi__logistic_elastic_net,2,2,ms_15,1,0.9999984754253726
roi__logistic_elastic_net,2,2,ms_20,1,0.0004069680670792754
roi__logistic_elastic_net,2,2,ms_21,1,0.9999999999998885
roi__logistic_elastic_net,2,3,hc_03,0,0.8426284617718356
roi__logistic_elastic_net,2,3,hc_04,0,0.9999906901999905
roi__logistic_elastic_net,2,3,ms_07,1,0.33693225179755754
roi__logistic_elastic_net,2,3,ms_08,1,0.9340334573726978
roi__logistic_elastic_net,2,3,ms_10,1,0.9995210678637788
roi__logistic_elastic_net,2,3,ms_11,1,0.8760376589546032
roi__logistic_elastic_net,2,3,ms_14,1,0.9994833845013168
roi__logistic_elastic_net,2,3,ms_18,1,0.21566566936248927
roi__logistic_elastic_net,2,4,hc_02,0,0.49839304784796323
roi__logistic_elastic_net,2,4,hc_06,0,0.49839304784796323
roi__logistic_elastic_net,2,4,ms_04,1,0.49839304784796323
roi__logistic_elastic_net,2,4,ms_06,1,0.49839304784796323
roi__logistic_elastic_net,2,4,ms_09,1,0.49839304784796323
roi__logistic_elastic_net,2,4,ms_16,1,0.49839304784796323
roi__logistic_elastic_net,2,4,ms_19,1,0.49839304784796323
roi__logistic_elastic_net,2,4,ms_22,1,0.49839304784796323
roi__logistic_elastic_net,3,1,hc_03,0,0.5192670099992405
roi__logistic_elastic_net,3,1,hc_05,0,0.3219861985015228
roi__logistic_elastic_net,3,1,ms_01,1,0.999979173267605
roi__logistic_elastic_net,3,1,ms_02,1,0.9999269558149756
roi__logistic_elastic_net,3,1,ms_09,1,0.04370981445806246
roi__logistic_elastic_net,3,1,ms_22,1,0.9658880510592708
roi__logistic_elastic_net,3,1,ms_23,1,0.795783717414333
roi__logistic_elastic_net,3,1,ms_24,1,0.9999653568762085
roi__logistic_elastic_net,3,2,hc_04,0,0.5713698148404978
roi__logistic_elastic_net,3,2,hc_07,0,0.4469897407289163
roi__logistic_elastic_net,3,2,ms_07,1,0.3244734536922667
roi__logistic_elastic_net,3,2,ms_11,1,0.5122078213044751
roi__logistic_elastic_net,3,2,ms_12,1,0.45863807485951646
roi__logistic_elastic_net,3,2,ms_13,1,0.49712330262400795
roi__logistic_elastic_net,3,2,ms_18,1,0.40666074237198047
roi__logistic_elastic_net,3,2,ms_21,1,0.45211288903367125
roi__logistic_elastic_net,3,3,hc_01,0,0.9956887819824086
roi__logistic_elastic_net,3,3,hc_06,0,0.15484189606453475
roi__logistic_elastic_net,3,3,ms_04,1,0.5427116745913465
roi__logistic_elastic_net,3,3,ms_06,1,0.9581826163865051
roi__logistic_elastic_net,3,3,ms_08,1,0.9990631965495195
roi__logistic_elastic_net,3,3,ms_10,1,0.9724534475359783
roi__logistic_elastic_net,3,3,ms_15,1,0.9586131562454028
roi__logistic_elastic_net,3,3,ms_19,1,0.9585091938352704
roi__logistic_elastic_net,3,4,hc_02,0,0.01596941265510833
roi__logistic_elastic_net,3,4,hc_08,0,0.10900500417815609
roi__logistic_elastic_net,3,4,ms_03,1,0.9016874904970401
roi__logistic_elastic_net,3,4,ms_05,1,0.8291281440726084
roi__logistic_elastic_net,3,4,ms_14,1,0.9994297726409089
roi__logistic_elastic_net,3,4,ms_16,1,0.6081000092173402
roi__logistic_elastic_net,3,4,ms_17,1,0.25112084325432077
roi__logistic_elastic_net,3,4,ms_20,1,0.009245526995830318
roi__logistic_elastic_net,4,1,hc_01,0,0.6713233815642358
roi__logistic_elastic_net,4,1,hc_04,0,0.5068269086161654
roi__logistic_elastic_net,4,1,ms_04,1,0.4553255280409166
roi__logistic_elastic_net,4,1,ms_06,1,0.7105311700486281
roi__logistic_elastic_net,4,1,ms_08,1,0.7412874016550431
roi__logistic_elastic_net,4,1,ms_10,1,0.7102551701061659
roi__logistic_elastic_net,4,1,ms_16,1,0.44526155285633146
roi__logistic_elastic_net,4,1,ms_23,1,0.5745784421867786
roi__logistic_elastic_net,4,2,hc_02,0,0.48618717415150714
roi__logistic_elastic_net,4,2,hc_08,0,0.49366109772643024
roi__logistic_elastic_net,4,2,ms_02,1,0.5408565067117388
roi__logistic_elastic_net,4,2,ms_17,1,0.48795670910577055
roi__logistic_elastic_net,4,2,ms_18,1,0.47467708750896853
roi__logistic_elastic_net,4,2,ms_19,1,0.4910775514941173
roi__logistic_elastic_net,4,2,ms_21,1,0.5301509589931404
roi__logistic_elastic_net,4,2,ms_22,1,0.4841609214836375
roi__logistic_elastic_net,4,3,hc_03,0,0.5472243795961387
roi__logistic_elastic_net,4,3,hc_05,0,0.5415289555729801
roi__logistic_elastic_net,4,3,ms_03,1,0.5476712018886268
roi__logistic_elastic_net,4,3,ms_07,1,0.3486327679572309
roi__logistic_elastic_net,4,3,ms_11,1,0.8061550156418221
roi__logistic_elastic_net,4,3,ms_13,1,0.531917560441805
roi__logistic_elastic_net,4,3,ms_14,1,0.679123045727128
roi__logistic_elastic_net,4,3,ms_24,1,0.8402124301202119
roi__logistic_elastic_net,4,4,hc_06,0,0.9905478665431746
roi__logistic_elastic_net,4,4,hc_07,0,0.009622471387630012
roi__logistic_elastic_net,4,4,ms_01,1,0.9999901834111594
roi__logistic_elastic_net,4,4,ms_05,1,0.9999858131160781
roi__logistic_elastic_net,4,4,ms_09,1,0.0049728154560326875
roi__logistic_elastic_net,4,4,ms_12,1,0.03684494710953059
roi__logistic_elastic_net,4,4,ms_15,1,0.9999666837965026
roi__logistic_elastic_net,4,4,ms_20,1,0.00392610512749015
roi__logistic_elastic_net,5,1,hc_02,0,0.43490653051967004
roi__logistic_elastic_net,5,1,hc_03,0,0.504327772887469
roi__logistic_elastic_net,5,1,ms_03,1,0.5015350199630637
roi__logistic_elastic_net,5,1,ms_04,1,0.4778492214231189
roi__logistic_elastic_net,5,1,ms_05,1,0.565099811146153
roi__logistic_elastic_net,5,1,ms_21,1,0.6169741621526237
roi__logistic_elastic_net,5,1,ms_23,1,0.5051162667537084
roi__logistic_elastic_net,5,1,ms_24,1,0.6882090187274856
roi__logistic_elastic_net,5,2,hc_01,0,0.9999636500856242
roi__logistic_elastic_net,5,2,hc_04,0,0.9198483370385029
roi__logistic_elastic_net,5,2,ms_01,1,0.9999990411977469
roi__logistic_elastic_net,5,2,ms_07,1,0.0011445481973495824
roi__logistic_elastic_net,5,2,ms_11,1,0.9999999564398153
roi__logistic_elastic_net,5,2,ms_12,1,0.5406912120736449
roi__logistic_elastic_net,5,2,ms_14,1,0.9999357943971395
roi__logistic_elastic_net,5,2,ms_15,1,0.9623976186381537
roi__logistic_elastic_net,5,3,hc_05,0,0.9895615923772346
roi__logistic_elastic_net,5,3,hc_06,0,0.9995066525948535
roi__logistic_elastic_net,5,3,ms_02,1,0.7904815618846568
roi__logistic_elastic_net,5,3,ms_06,1,0.09569440851734042
roi__logistic_elastic_net,5,3,ms_08,1,0.4251090048892808
roi__logistic_elastic_net,5,3,ms_09,1,0.5658948071057829
roi__logistic_elastic_net,5,3,ms_19,1,4.911982727209508e-22
roi__logistic_elastic_net,5,3,ms_20,1,1.2558310729463411e-24
roi__logistic_elastic_net,5,4,hc_07,0,0.9364436094377194
roi__logistic_elastic_net,5,4,hc_08,0,0.9955791409882901
roi__logistic_elastic_net,5,4,ms_10,1,0.7115844404400885
roi__logistic_elastic_net,5,4,ms_13,1,0.3431297163578053
roi__logistic_elastic_net,5,4,ms_16,1,0.4175006342520375
roi__logistic_elastic_net,5,4,ms_17,1,0.605913255393028
roi__logistic_elastic_net,5,4,ms_18,1,0.08852610927456471
roi__logistic_elastic_net,5,4,ms_22,1,0.06361222497451656
roi__lda,1,1,hc_01,0,0.9999979284419359
roi__lda,1,1,hc_03,0,0.7043117040969322
roi__lda,1,1,ms_10,1,0.9999584561908084
roi__lda,1,1,ms_11,1,0.9969630879918991
roi__lda,1,1,ms_13,1,0.9988253137850343
roi__lda,1,1,ms_17,1,0.18124216062329299
roi__lda,1,1,ms_18,1,0.9966477624184247
roi__lda,1,1,ms_20,1,2.111166964924765e-08
roi__lda,1,2,hc_05,0,0.9999916857666652
roi__lda,1,2,hc_07,0,0.9991775848202982
roi__lda,1,2,ms_05,1,0.9989345935706244
roi__lda,1,2,ms_06,1,0.9959924057666959
roi__lda,1,2,ms_15,1,0.6313882394235747
roi__lda,1,2,ms_19,1,0.9994918821633619
roi__lda,1,2,ms_22,1,0.9236507514627742
roi__lda,1,2,ms_24,1,0.9999996669080223
roi__lda,1,3,hc_02,0,0.21665528535435333
roi__lda,1,3,hc_06,0,0.8762941545322162
roi__lda,1,3,ms_01,1,0.998746026403766
roi__lda,1,3,ms_02,1,0.9906796238303055
roi__lda,1,3,ms_04,1,0.9966223117681928
roi__lda,1,3,ms_09,1,0.02288808291413737
roi__lda,1,3,ms_12,1,0.3594061984156563
roi__lda,1,3,ms_14,1,0.9129828537502223
roi__lda,1,4,hc_04,0,0.9524960749625245
roi__lda,1,4,hc_08,0,0.43199289189016843
roi__lda,1,4,ms_03,1,0.9984508119211648
roi__lda,1,4,ms_07,1,0.0424143830285575
roi__lda,1,4,ms_08,1,0.9816990875477593
roi__lda,1,4,ms_16,1,0.08780131283299733
roi__lda,1,4,ms_21,1,0.9575104874421757
roi__lda,1,4,ms_23,1,0.7848512527190382
roi__lda,2,1,hc_01,0,0.9999969112958109
roi__lda,2,1,hc_08,0,0.08112371630513564
roi__lda,2,1,ms_03,1,0.97179184124657
roi__lda,2,1,ms_05,1,0.8962466387976997
roi__lda,2,1,ms_13,1,0.9865206519025008
roi__lda,2,1,ms_17,1,0.0004500458102963732
roi__lda,2,1,ms_23,1,0.6435032342062942
roi__lda,2,1,ms_24,1,0.9999989421185125
roi__lda,2,2,hc_05,0,0.9999961167636023
roi__lda,2,2,hc_07,0,0.04729960233470568
roi__lda,2,2,ms_01,1,0.9084411084726267
roi__lda,2,2,ms_02,1,0.9998094776732045
roi__lda,2,2,ms_12,1,0.999992187847993
roi__lda,2,2,ms_15,1,0.9998818772746758
roi__lda,2,2,ms_20,1,6.583575818751377e-10
roi__lda,2,2,ms_21,1,0.9999999999886071
roi__lda,2,3,hc_03,0,0.9996327939752772
roi__lda,2,3,hc_04,0,0.9999921847221075
roi__lda,2,3,ms_07,1,6.427650850992913e-05
roi__lda,2,3,ms_08,1,0.9999998621216658
roi__lda,2,3,ms_10,1,0.9993482635383962
roi__lda,2,3,ms_11,1,0.9984854225715163
roi__lda,2,3,ms_14,1,0.9999602372626051
roi__lda,2,3,ms_18,1,0.3768111504409698
roi__lda,2,4,hc_02,0,0.1468439830332957
roi__lda,2,4,hc_06,0,0.21760525603226732
roi__lda,2,4,ms_04,1,0.7766534713828173
roi__lda,2,4,ms_06,1,0.9731077101166418
roi__lda,2,4,ms_09,1,0.47200559545104687
roi__lda,2,4,ms_16,1,0.15328705759274575
roi__lda,2,4,ms_19,1,0.41252596067862357
roi__lda,2,4,ms_22,1,0.957027989927229
roi__lda,3,1,hc_03,0,0.5899532782740153
roi__lda,3,1,hc_05,0,0.6844387510166872
roi__lda,3,1,ms_01,1,0.9919032255176213
roi__lda,3,1,ms_02,1,0.9978031361962151
roi__lda,3,1,ms_09,1,0.22768604504023354
roi__lda,3,1,ms_22,1,0.992696999530378
roi__lda,3,1,ms_23,1,0.8734711540255714
roi__lda,3,1,ms_24,1,0.9987559684686548
roi__lda,3,2,hc_04,0,0.8922829466644395
roi__lda,3,2,hc_07,0,0.6641145771252415
roi__lda,3,2,ms_07,1,0.12018390448085856
roi__lda,3,2,ms_11,1,0.6761735633677841
roi__lda,3,2,ms_12,1,0.3657422212579262
roi__lda,3,2,ms_13,1,0.7046253692357916
roi__lda,3,2,ms_18,1,0.27404868716176845
roi__lda,3,2,ms_21,1,0.8424742831218337
roi__lda,3,3,hc_01,0,0.986233353409692
roi__lda,3,3,hc_06,0,0.8984670064630796
roi__lda,3,3,ms_04,1,0.8878094731335723
roi__lda,3,3,ms_06,1,0.9273182100810411
roi__lda,3,3,ms_08,1,0.9910230995943006
roi__lda,3,3,ms_10,1,0.951743687241388
roi__lda,3,3,ms_15,1,0.919435282144572
roi__lda,3,3,ms_19,1,0.45904897926461896
roi__lda,3,4,hc_02,0,0.11315049040991655
roi__lda,3,4,hc_08,0,0.14471208736904145
roi__lda,3,4,ms_03,1,0.5662253680652453
roi__lda,3,4,ms_05,1,0.8660726311878936
roi__lda,3,4,ms_14,1,0.9991072371158353
roi__lda,3,4,ms_16,1,0.8353517149075914
roi__lda,3,4,ms_17,1,0.4546306115320999
roi__lda,3,4,ms_20,1,0.01972232150146592
roi__lda,4,1,hc_01,0,0.9475909647506322
roi__lda,4,1,hc_04,0,0.6850588715555261
roi__lda,4,1,ms_04,1,0.6929703092591997
roi__lda,4,1,ms_06,1,0.9374761721368982
roi__lda,4,1,ms_08,1,0.9867372813545221
roi__lda,4,1,ms_10,1,0.8735138291752753
roi__lda,4,1,ms_16,1,0.6597178850641118
roi__lda,4,1,ms_23,1,0.8712071604927718
roi__lda,4,2,hc_02,0,0.1153621621834966
roi__lda,4,2,hc_08,0,0.4156130311099235
roi__lda,4,2,ms_02,1,0.9992004522304644
roi__lda,4,2,ms_17,1,0.16918084580962148
roi__lda,4,2,ms_18,1,0.7660844604598688
roi__lda,4,2,ms_19,1,0.7757644165698837
roi__lda,4,2,ms_21,1,0.9927747113143163
roi__lda,4,2,ms_22,1,0.6897512445276641
roi__lda,4,3,hc_03,0,0.9809460946221442
roi__lda,4,3,hc_05,0,0.9487633906092212
roi__lda,4,3,ms_03,1,0.9988042748299953
roi__lda,4,3,ms_07,1,0.0030810370973952273
roi__lda,4,3,ms_11,1,0.9999897782480014
roi__lda,4,3,ms_13,1,0.9967707719540528
roi__lda,4,3,ms_14,1,0.9978171771606019
roi__lda,4,3,ms_24,1,0.9999999998813598
roi__lda,4,4,hc_06,0,0.992741393748762
roi__lda,4,4,hc_07,0,0.014825659920348504
roi__lda,4,4,ms_01,1,0.9995724783141228
roi__lda,4,4,ms_05,1,0.9999477327702794
roi__lda,4,4,ms_09,1,0.023605859895121886
roi__lda,4,4,ms_12,1,0.10158636430310017
roi__lda,4,4,ms_15,1,0.9994690508164229
roi__lda,4,4,ms_20,1,0.0007916587680324432
roi__lda,5,1,hc_02,0,0.4243676627878204
roi__lda,5,1,hc_03,0,0.8202244877987566
roi__lda,5,1,ms_03,1,0.7396984973198726
roi__lda,5,1,ms_04,1,0.37540938072568947
roi__lda,5,1,ms_05,1,0.9120662548026848
roi__lda,5,1,ms_21,1,0.9831917752824832
roi__lda,5,1,ms_23,1,0.822936020965603
roi__lda,5,1,ms_24,1,0.9989048030142003
roi__lda,5,2,hc_01,0,0.99990563125861
roi__lda,5,2,hc_04,0,0.16761155696546148
roi__lda,5,2,ms_01,1,0.9999962513323915
roi__lda,5,2,ms_07,1,0.016601653876115393
roi__lda,5,2,ms_11,1,0.9999997168413013
roi__lda,5,2,ms_12,1,0.25942425369854455
roi__lda,5,2,ms_14,1,0.9994849948469047
roi__lda,5,2,ms_15,1,0.9812114058323712
roi__lda,5,3,hc_05,0,0.9997417302487714
roi__lda,5,3,hc_06,0,0.9999883185926068
roi__lda,5,3,ms_02,1,0.9999922022306041
roi__lda,5,3,ms_06,1,0.9957207802879311
roi__lda,5,3,ms_08,1,0.9797304059667425
roi__lda,5,3,ms_09,1,0.6716026018611911
roi__lda,5,3,ms_19,1,1.0700370583430957e-21
roi__lda,5,3,ms_20,1,4.653335656720144e-31
roi__lda,5,4,hc_07,0,0.978824128630472
roi__lda,5,4,hc_08,0,0.99638883885341
roi__lda,5,4,ms_10,1,0.6445862448970042
roi__lda,5,4,ms_13,1,0.6167357773150954
roi__lda,5,4,ms_16,1,0.002828938119148521
roi__lda,5,4,ms_17,1,0.024061082299697455
roi__lda,5,4,ms_18,1,0.0480067783513838
roi__lda,5,4,ms_22,1,4.645908382036877e-05
roi__knn,1,1,hc_01,0,0.7662639371362046
roi__knn,1,1,hc_03,0,0.3542901774342102
roi__knn,1,1,ms_10,1,1.0
roi__knn,1,1,ms_11,1,1.0
roi__knn,1,1,ms_13,1,0.706126886970511
roi__knn,1,1,ms_17,1,0.0
roi__knn,1,1,ms_18,1,0.7316868744455586
roi__knn,1,1,ms_20,1,0.21648846935082477
roi__knn,1,2,hc_05,0,1.0
roi__knn,1,2,hc_07,0,1.0
roi__knn,1,2,ms_05,1,0.6462144945116768
roi__knn,1,2,ms_06,1,0.6283471254023507
roi__knn,1,2,ms_15,1,1.0
roi__knn,1,2,ms_19,1,1.0
roi__knn,1,2,ms_22,1,1.0
roi__knn,1,2,ms_24,1,1.0
roi__knn,1,3,hc_02,0,0.42857142857142855
roi__knn,1,3,hc_06,0,0.8571428571428571
roi__knn,1,3,ms_01,1,1.0
roi__knn,1,3,ms_02,1,1.0
roi__knn,1,3,ms_04,1,0.7142857142857143
roi__knn,1,3,ms_09,1,0.42857142857142855
roi__knn,1,3,ms_12,1,0.5714285714285714
roi__knn,1,3,ms_14,1,0.8571428571428571
roi__knn,1,4,hc_04,0,0.8888888888888888
roi__knn,1,4,hc_08,0,0.6666666666666666
roi__knn,1,4,ms_03,1,0.8888888888888888
roi__knn,1,4,ms_07,1,0.4444444444444444
roi__knn,1,4,ms_08,1,0.8888888888888888
roi__knn,1,4,ms_16,1,0.4444444444444444
roi__knn,1,4,ms_21,1,0.6666666666666666
roi__knn,1,4,ms_23,1,0.7777777777777778
roi__knn,2,1,hc_01,0,1.0
roi__knn,2,1,hc_08,0,0.48659732301597736
roi__knn,2,1,ms_03,1,0.8860546151510138
roi__knn,2,1,ms_05,1,1.0
roi__knn,2,1,ms_13,1,1.0
roi__knn,2,1,ms_17,1,0.38878542376525077
roi__knn,2,1,ms_23,1,0.751436031356309
roi__knn,2,1,ms_24,1,1.0
roi__knn,2,2,hc_05,0,1.0
roi__knn,2,2,hc_07,0,0.3167202694594595
roi__knn,2,2,ms_01,1,0.880614683826554
roi__knn,2,2,ms_02,1,1.0
roi__knn,2,2,ms_12,1,1.0
roi__knn,2,2,ms_15,1,1.0
roi__knn,2,2,ms_20,1,0.2349387747161442
roi__knn,2,2,ms_21,1,1.0
roi__knn,2,3,hc_03,0,0.7522737240998968
roi__knn,2,3,hc_04,0,0.8988392281416656
roi__knn,2,3,ms_07,1,0.33433018119221986
roi__knn,2,3,ms_08,1,0.7896244671467068
roi__knn,2,3,ms_10,1,0.8007960961151138
roi__knn,2,3,ms_11,1,0.8704882479569067
roi__knn,2,3,ms_14,1,1.0
roi__knn,2,3,ms_18,1,0.6550505683164081
roi__knn,2,4,hc_02,0,0.3333333333333333
roi__knn,2,4,hc_06,0,0.3333333333333333
roi__knn,2,4,ms_04,1,0.6666666666666666
roi__knn,2,4,ms_06,1,1.0
roi__knn,2,4,ms_09,1,0.0
roi__knn,2,4,ms_16,1,1.0
roi__knn,2,4,ms_19,1,0.6666666666666666
roi__knn,2,4,ms_22,1,0.6666666666666666
roi__knn,3,1,hc_03,0,0.5127353558095636
roi__knn,3,1,hc_05,0,0.8274357910374939
roi__knn,3,1,ms_01,1,1.0
roi__knn,3,1,ms_02,1,0.808547859078261
roi__knn,3,1,ms_09,1,0.6215674200932843
roi__knn,3,1,ms_22,1,0.6321241304311621
roi__knn,3,1,ms_23,1,0.5607758809239575
roi__knn,3,1,ms_24,1,1.0
roi__knn,3,2,hc_04,0,0.7142857142857143
roi__knn,3,2,hc_07,0,0.7142857142857143
roi__knn,3,2,ms_07,1,0.42857142857142855
roi__knn,3,2,ms_11,1,0.7142857142857143
roi__knn,3,2,ms_12,1,0.5714285714285714
roi__knn,3,2,ms_13,1,0.7142857142857143
roi__knn,3,2,ms_18,1,0.42857142857142855
roi__knn,3,2,ms_21,1,0.5714285714285714
roi__knn,3,3,hc_01,0,1.0
roi__knn,3,3,hc_06,0,1.0
roi__knn,3,3,ms_04,1,0.8307656254446706
roi__knn,3,3,ms_06,1,0.8391152715253474
roi__knn,3,3,ms_08,1,1.0
roi__knn,3,3,ms_10,1,0.848172723973706
roi__knn,3,3,ms_15,1,1.0
roi__knn,3,3,ms_19,1,0.549855596439289
roi__knn,3,4,hc_02,0,0.7142857142857143
roi__knn,3,4,hc_08,0,0.7142857142857143
roi__knn,3,4,ms_03,1,0.5714285714285714
roi__knn,3,4,ms_05,1,0.8571428571428571
roi__knn,3,4,ms_14,1,1.0
roi__knn,3,4,ms_16,1,0.5714285714285714
roi__knn,3,4,ms_17,1,0.7142857142857143
roi__knn,3,4,ms_20,1,0.7142857142857143
roi__knn,4,1,hc_01,0,0.912551304706634
roi__knn,4,1,hc_04,0,0.7816020717712011
roi__knn,4,1,ms_04,1,0.5202441196269308
roi__knn,4,1,ms_06,1,1.0
roi__knn,4,1,ms_08,1,1.0
roi__knn,4,1,ms_10,1,0.8921091976659405
roi__knn,4,1,ms_16,1,0.5230371082117556
roi__knn,4,1,ms_23,1,0.7992986317805733
roi__knn,4,2,hc_02,0,0.5278081771231822
roi__knn,4,2,hc_08,0,0.657324108542217
roi__knn,4,2,ms_02,1,1.0
roi__knn,4,2,ms_17,1,0.3736118362289508
roi__knn,4,2,ms_18,1,0.6326650091328999
roi__knn,4,2,ms_19,1,0.8252655600846214
roi__knn,4,2,ms_21,1,1.0
roi__knn,4,2,ms_22,1,0.3827223392676493
roi__knn,4,3,hc_03,0,0.6640858052450825
roi__knn,4,3,hc_05,0,0.8681120633445686
roi__knn,4,3,ms_03,1,0.8337799026157585
roi__knn,4,3,ms_07,1,0.5863429216382864
roi__knn,4,3,ms_11,1,0.8330642454216952
roi__knn,4,3,ms_13,1,0.6882090595799412
roi__knn,4,3,ms_14,1,1.0
roi__knn,4,3,ms_24,1,1.0
roi__knn,4,4,hc_06,0,0.8571428571428571
roi__knn,4,4,hc_07,0,0.2857142857142857
roi__knn,4,4,ms_01,1,1.0
roi__knn,4,4,ms_05,1,1.0
roi__knn,4,4,ms_09,1,0.2857142857142857
roi__knn,4,4,ms_12,1,0.5714285714285714
roi__knn,4,4,ms_15,1,1.0
roi__knn,4,4,ms_20,1,0.2857142857142857
roi__knn,5,1,hc_02,0,0.504277121971755
roi__knn,5,1,hc_03,0,0.5321724250735081
roi__knn,5,1,ms_03,1,0.5204801334554447
roi__knn,5,1,ms_04,1,0.6106824683721322
roi__knn,5,1,ms_05,1,0.8284363986047588
roi__knn,5,1,ms_21,1,1.0
roi__knn,5,1,ms_23,1,0.3551046584565467
roi__knn,5,1,ms_24,1,1.0
roi__knn,5,2,hc_01,0,1.0
roi__knn,5,2,hc_04,0,0.6666666666666666
roi__knn,5,2,ms_01,1,1.0
roi__knn,5,2,ms_07,1,0.3333333333333333
roi__knn,5,2,ms_11,1,1.0
roi__knn,5,2,ms_12,1,0.5555555555555556
roi__knn,5,2,ms_14,1,1.0
roi__knn,5,2,ms_15,1,1.0
roi__knn,5,3,hc_05,0,1.0
roi__knn,5,3,hc_06,0,1.0
roi__knn,5,3,ms_02,1,0.6666666666666666
roi__knn,5,3,ms_06,1,0.6666666666666666
roi__knn,5,3,ms_08,1,0.6666666666666666
roi__knn,5,3,ms_09,1,1.0
roi__knn,5,3,ms_19,1,0.0
roi__knn,5,3,ms_20,1,0.0
roi__knn,5,4,hc_07,0,1.0
roi__knn,5,4,hc_08,0,0.8
roi__knn,5,4,ms_10,1,0.6
roi__knn,5,4,ms_13,1,0.6
roi__knn,5,4,ms_16,1,0.6
roi__knn,5,4,ms_17,1,0.8
roi__knn,5,4,ms_18,1,0.6
roi__knn,5,4,ms_22,1,0.6
roi__xgboost,1,1,hc_01,0,0.6440578103065491
roi__xgboost,1,1,hc_03,0,0.4805414378643036
roi__xgboost,1,1,ms_10,1,0.8219265937805176
roi__xgboost,1,1,ms_11,1,0.23820261657238007
roi__xgboost,1,1,ms_13,1,0.4437086880207062
roi__xgboost,1,1,ms_17,1,0.507097065448761
roi__xgboost,1,1,ms_18,1,0.41330569982528687
roi__xgboost,1,1,ms_20,1,0.45082271099090576
roi__xgboost,1,2,hc_05,0,0.6721100807189941
roi__xgboost,1,2,hc_07,0,0.307381272315979
roi__xgboost,1,2,ms_05,1,0.4506663680076599
roi__xgboost,1,2,ms_06,1,0.40978264808654785
roi__xgboost,1,2,ms_15,1,0.5005027651786804
roi__xgboost,1,2,ms_19,1,0.307381272315979
roi__xgboost,1,2,ms_22,1,0.7314035892486572
roi__xgboost,1,2,ms_24,1,0.8679001331329346
roi__xgboost,1,3,hc_02,0,0.49250054359436035
roi__xgboost,1,3,hc_06,0,0.5074994564056396
roi__xgboost,1,3,ms_01,1,0.5074994564056396
roi__xgboost,1,3,ms_02,1,0.5074994564056396
roi__xgboost,1,3,ms_04,1,0.5074994564056396
roi__xgboost,1,3,ms_09,1,0.49250054359436035
roi__xgboost,1,3,ms_12,1,0.49250054359436035
roi__xgboost,1,3,ms_14,1,0.5074994564056396
roi__xgboost,1,4,hc_04,0,0.8945143818855286
roi__xgboost,1,4,hc_08,0,0.30332982540130615
roi__xgboost,1,4,ms_03,1,0.778312623500824
roi__xgboost,1,4,ms_07,1,0.14809970557689667
roi__xgboost,1,4,ms_08,1,0.9487625956535339
roi__xgboost,1,4,ms_16,1,0.19471265375614166
roi__xgboost,1,4,ms_21,1,0.7062466740608215
roi__xgboost,1,4,ms_23,1,0.725770115852356
roi__xgboost,2,1,hc_01,0,0.9610980749130249
roi__xgboost,2,1,hc_08,0,0.21616950631141663
roi__xgboost,2,1,ms_03,1,0.9026094675064087
roi__xgboost,2,1,ms_05,1,0.8257326483726501
roi__xgboost,2,1,ms_13,1,0.92705899477005
roi__xgboost,2,1,ms_17,1,0.1426478624343872
roi__xgboost,2,1,ms_23,1,0.8127040863037109
roi__xgboost,2,1,ms_24,1,0.9863694906234741
roi__xgboost,2,2,hc_05,0,0.9230599403381348
roi__xgboost,2,2,hc_07,0,0.3511005938053131
roi__xgboost,2,2,ms_01,1,0.9502735137939453
roi__xgboost,2,2,ms_02,1,0.9863492250442505
roi__xgboost,2,2,ms_12,1,0.950135350227356
roi__xgboost,2,2,ms_15,1,0.9113336801528931
roi__xgboost,2,2,ms_20,1,0.027310581877827644
roi__xgboost,2,2,ms_21,1,0.950135350227356
roi__xgboost,2,3,hc_03,0,0.7322362661361694
roi__xgboost,2,3,hc_04,0,0.9186192750930786
roi__xgboost,2,3,ms_07,1,0.6455078125
roi__xgboost,2,3,ms_08,1,0.8190617561340332
roi__xgboost,2,3,ms_10,1,0.3370961546897888
roi__xgboost,2,3,ms_11,1,0.8054794669151306
roi__xgboost,2,3,ms_14,1,0.9250368475914001
roi__xgboost,2,3,ms_18,1,0.2777780294418335
roi__xgboost,2,4,hc_02,0,0.49625012278556824
roi__xgboost,2,4,hc_06,0,0.49625012278556824
roi__xgboost,2,4,ms_04,1,0.49625012278556824
roi__xgboost,2,4,ms_06,1,0.5037499070167542
roi__xgboost,2,4,ms_09,1,0.49625012278556824
roi__xgboost,2,4,ms_16,1,0.49625012278556824
roi__xgboost,2,4,ms_19,1,0.49625012278556824
roi__xgboost,2,4,ms_22,1,0.49625012278556824
roi__xgboost,3,1,hc_03,0,0.5390585064888
roi__xgboost,3,1,hc_05,0,0.9574182629585266
roi__xgboost,3,1,ms_01,1,0.8648667335510254
roi__xgboost,3,1,ms_02,1,0.8892452716827393
roi__xgboost,3,1,ms_09,1,0.6870582103729248
roi__xgboost,3,1,ms_22,1,0.7570030093193054
roi__xgboost,3,1,ms_23,1,0.5940059423446655
roi__xgboost,3,1,ms_24,1,0.7769012451171875
roi__xgboost,3,2,hc_04,0,0.7863318920135498
roi__xgboost,3,2,hc_07,0,0.5459505915641785
roi__xgboost,3,2,ms_07,1,0.2440253049135208
roi__xgboost,3,2,ms_11,1,0.5292912721633911
roi__xgboost,3,2,ms_12,1,0.3212651014328003
roi__xgboost,3,2,ms_13,1,0.5292912721633911
roi__xgboost,3,2,ms_18,1,0.334328293800354
roi__xgboost,3,2,ms_21,1,0.3212651014328003
roi__xgboost,3,3,hc_01,0,0.8938114047050476
roi__xgboost,3,3,hc_06,0,0.7954493165016174
roi__xgboost,3,3,ms_04,1,0.5851543545722961
roi__xgboost,3,3,ms_06,1,0.4215514659881592
roi__xgboost,3,3,ms_08,1,0.8938114047050476
roi__xgboost,3,3,ms_10,1,0.8938114047050476
roi__xgboost,3,3,ms_15,1,0.5851543545722961
roi__xgboost,3,3,ms_19,1,0.5851543545722961
roi__xgboost,3,4,hc_02,0,0.11338555067777634
roi__xgboost,3,4,hc_08,0,0.07590323686599731
roi__xgboost,3,4,ms_03,1,0.16253171861171722
roi__xgboost,3,4,ms_05,1,0.9561991691589355
roi__xgboost,3,4,ms_14,1,0.9281831979751587
roi__xgboost,3,4,ms_16,1,0.8773411512374878
roi__xgboost,3,4,ms_17,1,0.6639518141746521
roi__xgboost,3,4,ms_20,1,0.07590323686599731
roi__xgboost,4,1,hc_01,0,0.9708349108695984
roi__xgboost,4,1,hc_04,0,0.7098590135574341
roi__xgboost,4,1,ms_04,1,0.8146023750305176
roi__xgboost,4,1,ms_06,1,0.9312531352043152
roi__xgboost,4,1,ms_08,1,0.9708349108695984
roi__xgboost,4,1,ms_10,1,0.9612804651260376
roi__xgboost,4,1,ms_16,1,0.4416016638278961
roi__xgboost,4,1,ms_23,1,0.9268292188644409
roi__xgboost,4,2,hc_02,0,0.15288671851158142
roi__xgboost,4,2,hc_08,0,0.632213294506073
roi__xgboost,4,2,ms_02,1,0.8965258598327637
roi__xgboost,4,2,ms_17,1,0.8362545371055603
roi__xgboost,4,2,ms_18,1,0.6573959589004517
roi__xgboost,4,2,ms_19,1,0.4445796608924866
roi__xgboost,4,2,ms_21,1,0.8362545371055603
roi__xgboost,4,2,ms_22,1,0.6811217665672302
roi__xgboost,4,3,hc_03,0,0.3783032298088074
roi__xgboost,4,3,hc_05,0,0.8443815112113953
roi__xgboost,4,3,ms_03,1,0.44439876079559326
roi__xgboost,4,3,ms_07,1,0.19729818403720856
roi__xgboost,4,3,ms_11,1,0.9277772903442383
roi__xgboost,4,3,ms_13,1,0.7582725286483765
roi__xgboost,4,3,ms_14,1,0.9537237882614136
roi__xgboost,4,3,ms_24,1,0.9787461161613464
roi__xgboost,4,4,hc_06,0,0.6850688457489014
roi__xgboost,4,4,hc_07,0,0.20929500460624695
roi__xgboost,4,4,ms_01,1,0.9781938791275024
roi__xgboost,4,4,ms_05,1,0.956406831741333
roi__xgboost,4,4,ms_09,1,0.08854527771472931
roi__xgboost,4,4,ms_12,1,0.49489739537239075
roi__xgboost,4,4,ms_15,1,0.9781938791275024
roi__xgboost,4,4,ms_20,1,0.02557338774204254
roi__xgboost,5,1,hc_02,0,0.18025006353855133
roi__xgboost,5,1,hc_03,0,0.8952784538269043
roi__xgboost,5,1,ms_03,1,0.4706104099750519
roi__xgboost,5,1,ms_04,1,0.737374484539032
roi__xgboost,5,1,ms_05,1,0.7430566549301147
roi__xgboost,5,1,ms_21,1,0.7059555649757385
roi__xgboost,5,1,ms_23,1,0.1997748762369156
roi__xgboost,5,1,ms_24,1,0.936281681060791
roi__xgboost,5,2,hc_01,0,0.9818254709243774
roi__xgboost,5,2,hc_04,0,0.6137083768844604
roi__xgboost,5,2,ms_01,1,0.9818254709243774
roi__xgboost,5,2,ms_07,1,0.04903099685907364
roi__xgboost,5,2,ms_11,1,0.9818254709243774
roi__xgboost,5,2,ms_12,1,0.46057960391044617
roi__xgboost,5,2,ms_14,1,0.9571150541305542
roi__xgboost,5,2,ms_15,1,0.6497378349304199
roi__xgboost,5,3,hc_05,0,0.7736601233482361
roi__xgboost,5,3,hc_06,0,0.7898780703544617
roi__xgboost,5,3,ms_02,1,0.5378856658935547
roi__xgboost,5,3,ms_06,1,0.20919927954673767
roi__xgboost,5,3,ms_08,1,0.6453275680541992
roi__xgboost,5,3,ms_09,1,0.7736601233482361
roi__xgboost,5,3,ms_19,1,0.20919927954673767
roi__xgboost,5,3,ms_20,1,0.09917838126420975
roi__xgboost,5,4,hc_07,0,0.6294894218444824
roi__xgboost,5,4,hc_08,0,0.8023645281791687
roi__xgboost,5,4,ms_10,1,0.9623748660087585
roi__xgboost,5,4,ms_13,1,0.9654364585876465
roi__xgboost,5,4,ms_16,1,0.6147257685661316
roi__xgboost,5,4,ms_17,1,0.9820852875709534
roi__xgboost,5,4,ms_18,1,0.7026140689849854
roi__xgboost,5,4,ms_22,1,0.6099469065666199
channel__dummy,1,1,hc_01,0,0.75
channel__dummy,1,1,hc_03,0,0.75
channel__dummy,1,1,ms_10,1,0.75
channel__dummy,1,1,ms_11,1,0.75
channel__dummy,1,1,ms_13,1,0.75
channel__dummy,1,1,ms_17,1,0.75
channel__dummy,1,1,ms_18,1,0.75
channel__dummy,1,1,ms_20,1,0.75
channel__dummy,1,2,hc_05,0,0.75
channel__dummy,1,2,hc_07,0,0.75
channel__dummy,1,2,ms_05,1,0.75
channel__dummy,1,2,ms_06,1,0.75
channel__dummy,1,2,ms_15,1,0.75
channel__dummy,1,2,ms_19,1,0.75
channel__dummy,1,2,ms_22,1,0.75
channel__dummy,1,2,ms_24,1,0.75
channel__dummy,1,3,hc_02,0,0.75
channel__dummy,1,3,hc_06,0,0.75
channel__dummy,1,3,ms_01,1,0.75
channel__dummy,1,3,ms_02,1,0.75
channel__dummy,1,3,ms_04,1,0.75
channel__dummy,1,3,ms_09,1,0.75
channel__dummy,1,3,ms_12,1,0.75
channel__dummy,1,3,ms_14,1,0.75
channel__dummy,1,4,hc_04,0,0.75
channel__dummy,1,4,hc_08,0,0.75
channel__dummy,1,4,ms_03,1,0.75
channel__dummy,1,4,ms_07,1,0.75
channel__dummy,1,4,ms_08,1,0.75
channel__dummy,1,4,ms_16,1,0.75
channel__dummy,1,4,ms_21,1,0.75
channel__dummy,1,4,ms_23,1,0.75
channel__dummy,2,1,hc_01,0,0.75
channel__dummy,2,1,hc_08,0,0.75
channel__dummy,2,1,ms_03,1,0.75
channel__dummy,2,1,ms_05,1,0.75
channel__dummy,2,1,ms_13,1,0.75
channel__dummy,2,1,ms_17,1,0.75
channel__dummy,2,1,ms_23,1,0.75
channel__dummy,2,1,ms_24,1,0.75
channel__dummy,2,2,hc_05,0,0.75
channel__dummy,2,2,hc_07,0,0.75
channel__dummy,2,2,ms_01,1,0.75
channel__dummy,2,2,ms_02,1,0.75
channel__dummy,2,2,ms_12,1,0.75
channel__dummy,2,2,ms_15,1,0.75
channel__dummy,2,2,ms_20,1,0.75
channel__dummy,2,2,ms_21,1,0.75
channel__dummy,2,3,hc_03,0,0.75
channel__dummy,2,3,hc_04,0,0.75
channel__dummy,2,3,ms_07,1,0.75
channel__dummy,2,3,ms_08,1,0.75
channel__dummy,2,3,ms_10,1,0.75
channel__dummy,2,3,ms_11,1,0.75
channel__dummy,2,3,ms_14,1,0.75
channel__dummy,2,3,ms_18,1,0.75
channel__dummy,2,4,hc_02,0,0.75
channel__dummy,2,4,hc_06,0,0.75
channel__dummy,2,4,ms_04,1,0.75
channel__dummy,2,4,ms_06,1,0.75
channel__dummy,2,4,ms_09,1,0.75
channel__dummy,2,4,ms_16,1,0.75
channel__dummy,2,4,ms_19,1,0.75
channel__dummy,2,4,ms_22,1,0.75
channel__dummy,3,1,hc_03,0,0.75
channel__dummy,3,1,hc_05,0,0.75
channel__dummy,3,1,ms_01,1,0.75
channel__dummy,3,1,ms_02,1,0.75
channel__dummy,3,1,ms_09,1,0.75
channel__dummy,3,1,ms_22,1,0.75
channel__dummy,3,1,ms_23,1,0.75
channel__dummy,3,1,ms_24,1,0.75
channel__dummy,3,2,hc_04,0,0.75
channel__dummy,3,2,hc_07,0,0.75
channel__dummy,3,2,ms_07,1,0.75
channel__dummy,3,2,ms_11,1,0.75
channel__dummy,3,2,ms_12,1,0.75
channel__dummy,3,2,ms_13,1,0.75
channel__dummy,3,2,ms_18,1,0.75
channel__dummy,3,2,ms_21,1,0.75
channel__dummy,3,3,hc_01,0,0.75
channel__dummy,3,3,hc_06,0,0.75
channel__dummy,3,3,ms_04,1,0.75
channel__dummy,3,3,ms_06,1,0.75
channel__dummy,3,3,ms_08,1,0.75
channel__dummy,3,3,ms_10,1,0.75
channel__dummy,3,3,ms_15,1,0.75
channel__dummy,3,3,ms_19,1,0.75
channel__dummy,3,4,hc_02,0,0.75
channel__dummy,3,4,hc_08,0,0.75
channel__dummy,3,4,ms_03,1,0.75
channel__dummy,3,4,ms_05,1,0.75
channel__dummy,3,4,ms_14,1,0.75
channel__dummy,3,4,ms_16,1,0.75
channel__dummy,3,4,ms_17,1,0.75
channel__dummy,3,4,ms_20,1,0.75
channel__dummy,4,1,hc_01,0,0.75
channel__dummy,4,1,hc_04,0,0.75
channel__dummy,4,1,ms_04,1,0.75
channel__dummy,4,1,ms_06,1,0.75
channel__dummy,4,1,ms_08,1,0.75
channel__dummy,4,1,ms_10,1,0.75
channel__dummy,4,1,ms_16,1,0.75
channel__dummy,4,1,ms_23,1,0.75
channel__dummy,4,2,hc_02,0,0.75
channel__dummy,4,2,hc_08,0,0.75
channel__dummy,4,2,ms_02,1,0.75
channel__dummy,4,2,ms_17,1,0.75
channel__dummy,4,2,ms_18,1,0.75
channel__dummy,4,2,ms_19,1,0.75
channel__dummy,4,2,ms_21,1,0.75
channel__dummy,4,2,ms_22,1,0.75
channel__dummy,4,3,hc_03,0,0.75
channel__dummy,4,3,hc_05,0,0.75
channel__dummy,4,3,ms_03,1,0.75
channel__dummy,4,3,ms_07,1,0.75
channel__dummy,4,3,ms_11,1,0.75
channel__dummy,4,3,ms_13,1,0.75
channel__dummy,4,3,ms_14,1,0.75
channel__dummy,4,3,ms_24,1,0.75
channel__dummy,4,4,hc_06,0,0.75
channel__dummy,4,4,hc_07,0,0.75
channel__dummy,4,4,ms_01,1,0.75
channel__dummy,4,4,ms_05,1,0.75
channel__dummy,4,4,ms_09,1,0.75
channel__dummy,4,4,ms_12,1,0.75
channel__dummy,4,4,ms_15,1,0.75
channel__dummy,4,4,ms_20,1,0.75
channel__dummy,5,1,hc_02,0,0.75
channel__dummy,5,1,hc_03,0,0.75
channel__dummy,5,1,ms_03,1,0.75
channel__dummy,5,1,ms_04,1,0.75
channel__dummy,5,1,ms_05,1,0.75
channel__dummy,5,1,ms_21,1,0.75
channel__dummy,5,1,ms_23,1,0.75
channel__dummy,5,1,ms_24,1,0.75
channel__dummy,5,2,hc_01,0,0.75
channel__dummy,5,2,hc_04,0,0.75
channel__dummy,5,2,ms_01,1,0.75
channel__dummy,5,2,ms_07,1,0.75
channel__dummy,5,2,ms_11,1,0.75
channel__dummy,5,2,ms_12,1,0.75
channel__dummy,5,2,ms_14,1,0.75
channel__dummy,5,2,ms_15,1,0.75
channel__dummy,5,3,hc_05,0,0.75
channel__dummy,5,3,hc_06,0,0.75
channel__dummy,5,3,ms_02,1,0.75
channel__dummy,5,3,ms_06,1,0.75
channel__dummy,5,3,ms_08,1,0.75
channel__dummy,5,3,ms_09,1,0.75
channel__dummy,5,3,ms_19,1,0.75
channel__dummy,5,3,ms_20,1,0.75
channel__dummy,5,4,hc_07,0,0.75
channel__dummy,5,4,hc_08,0,0.75
channel__dummy,5,4,ms_10,1,0.75
channel__dummy,5,4,ms_13,1,0.75
channel__dummy,5,4,ms_16,1,0.75
channel__dummy,5,4,ms_17,1,0.75
channel__dummy,5,4,ms_18,1,0.75
channel__dummy,5,4,ms_22,1,0.75
channel__logistic_elastic_net,1,1,hc_01,0,0.758605230247747
channel__logistic_elastic_net,1,1,hc_03,0,0.598807944947538
channel__logistic_elastic_net,1,1,ms_10,1,0.6923661971991779
channel__logistic_elastic_net,1,1,ms_11,1,0.7498538873747862
channel__logistic_elastic_net,1,1,ms_13,1,0.555731426999576
channel__logistic_elastic_net,1,1,ms_17,1,0.4334199589913705
channel__logistic_elastic_net,1,1,ms_18,1,0.6600876782987016
channel__logistic_elastic_net,1,1,ms_20,1,0.14492945696373927
channel__logistic_elastic_net,1,2,hc_05,0,0.5004209740711572
channel__logistic_elastic_net,1,2,hc_07,0,0.5004209740711572
channel__logistic_elastic_net,1,2,ms_05,1,0.5004209740711572
channel__logistic_elastic_net,1,2,ms_06,1,0.5004209740711572
channel__logistic_elastic_net,1,2,ms_15,1,0.5004209740711572
channel__logistic_elastic_net,1,2,ms_19,1,0.5004209740711572
channel__logistic_elastic_net,1,2,ms_22,1,0.5004209740711572
channel__logistic_elastic_net,1,2,ms_24,1,0.5004209740711572
channel__logistic_elastic_net,1,3,hc_02,0,0.40226765484532445
channel__logistic_elastic_net,1,3,hc_06,0,0.5933109805545276
channel__logistic_elastic_net,1,3,ms_01,1,0.6980846082703877
channel__logistic_elastic_net,1,3,ms_02,1,0.7089063064965763
channel__logistic_elastic_net,1,3,ms_04,1,0.4780975408678956
channel__logistic_elastic_net,1,3,ms_09,1,0.39863583895797233
channel__logistic_elastic_net,1,3,ms_12,1,0.44559570390911235
channel__logistic_elastic_net,1,3,ms_14,1,0.560922779923739
channel__logistic_elastic_net,1,4,hc_04,0,0.7707046030466884
channel__logistic_elastic_net,1,4,hc_08,0,0.5796595546011868
channel__logistic_elastic_net,1,4,ms_03,1,0.9981847935832145
channel__logistic_elastic_net,1,4,ms_07,1,0.0839598372583514
channel__logistic_elastic_net,1,4,ms_08,1,0.9655566123589745
channel__logistic_elastic_net,1,4,ms_16,1,0.22463326702754843
channel__logistic_elastic_net,1,4,ms_21,1,0.9917615130529439
channel__logistic_elastic_net,1,4,ms_23,1,0.711958505642116
channel__logistic_elastic_net,2,1,hc_01,0,0.9966401310373252
channel__logistic_elastic_net,2,1,hc_08,0,0.7150913780454419
channel__logistic_elastic_net,2,1,ms_03,1,0.9998023105520033
channel__logistic_elastic_net,2,1,ms_05,1,0.9977944957056571
channel__logistic_elastic_net,2,1,ms_13,1,0.9998822369834527
channel__logistic_elastic_net,2,1,ms_17,1,0.20921922112985275
channel__logistic_elastic_net,2,1,ms_23,1,0.9909058827810138
channel__logistic_elastic_net,2,1,ms_24,1,0.9999999519786867
channel__logistic_elastic_net,2,2,hc_05,0,0.6009002815763201
channel__logistic_elastic_net,2,2,hc_07,0,0.2978522790199107
channel__logistic_elastic_net,2,2,ms_01,1,0.6617117826474722
channel__logistic_elastic_net,2,2,ms_02,1,0.7800381221609546
channel__logistic_elastic_net,2,2,ms_12,1,0.5944240966827179
channel__logistic_elastic_net,2,2,ms_15,1,0.6671490610375806
channel__logistic_elastic_net,2,2,ms_20,1,0.1740357734193263
channel__logistic_elastic_net,2,2,ms_21,1,0.6408690147562256
channel__logistic_elastic_net,2,3,hc_03,0,0.9839026654742603
channel__logistic_elastic_net,2,3,hc_04,0,0.9999975082995953
channel__logistic_elastic_net,2,3,ms_07,1,9.335065736537849e-06
channel__logistic_elastic_net,2,3,ms_08,1,0.9994651145501932
channel__logistic_elastic_net,2,3,ms_10,1,0.9999964750329662
channel__logistic_elastic_net,2,3,ms_11,1,0.9977966133455899
channel__logistic_elastic_net,2,3,ms_14,1,0.9979087876687388
channel__logistic_elastic_net,2,3,ms_18,1,0.413809834690852
channel__logistic_elastic_net,2,4,hc_02,0,0.49850774453740454
channel__logistic_elastic_net,2,4,hc_06,0,0.49850774453740454
channel__logistic_elastic_net,2,4,ms_04,1,0.49850774453740454
channel__logistic_elastic_net,2,4,ms_06,1,0.49850774453740454
channel__logistic_elastic_net,2,4,ms_09,1,0.49850774453740454
channel__logistic_elastic_net,2,4,ms_16,1,0.49850774453740454
channel__logistic_elastic_net,2,4,ms_19,1,0.49850774453740454
channel__logistic_elastic_net,2,4,ms_22,1,0.49850774453740454
channel__logistic_elastic_net,3,1,hc_03,0,0.5374821132378588
channel__logistic_elastic_net,3,1,hc_05,0,0.4330417445458687
channel__logistic_elastic_net,3,1,ms_01,1,0.9999999984421575
channel__logistic_elastic_net,3,1,ms_02,1,0.9999696060751004
channel__logistic_elastic_net,3,1,ms_09,1,0.018260715338273663
channel__logistic_elastic_net,3,1,ms_22,1,0.8616890451931417
channel__logistic_elastic_net,3,1,ms_23,1,0.8331053023175193
channel__logistic_elastic_net,3,1,ms_24,1,0.9993418511762799
channel__logistic_elastic_net,3,2,hc_04,0,0.9988001309437434
channel__logistic_elastic_net,3,2,hc_07,0,0.6971781186785316
channel__logistic_elastic_net,3,2,ms_07,1,0.0001628741057381484
channel__logistic_elastic_net,3,2,ms_11,1,0.9857330601031001
channel__logistic_elastic_net,3,2,ms_12,1,0.9483233376269741
channel__logistic_elastic_net,3,2,ms_13,1,0.9739514896124275
channel__logistic_elastic_net,3,2,ms_18,1,0.34384946719382165
channel__logistic_elastic_net,3,2,ms_21,1,0.8566134349002883
channel__logistic_elastic_net,3,3,hc_01,0,0.9726568571316929
channel__logistic_elastic_net,3,3,hc_06,0,0.9292650982710468
channel__logistic_elastic_net,3,3,ms_04,1,0.998957470210707
channel__logistic_elastic_net,3,3,ms_06,1,0.9981399754721554
channel__logistic_elastic_net,3,3,ms_08,1,0.9999070337814954
channel__logistic_elastic_net,3,3,ms_10,1,0.998941157710167
channel__logistic_elastic_net,3,3,ms_15,1,0.9986913507520756
channel__logistic_elastic_net,3,3,ms_19,1,1.7448213770675805e-09
channel__logistic_elastic_net,3,4,hc_02,0,0.10077313822381191
channel__logistic_elastic_net,3,4,hc_08,0,0.036276766396310424
channel__logistic_elastic_net,3,4,ms_03,1,0.5811578120511
channel__logistic_elastic_net,3,4,ms_05,1,0.9998061172941489
channel__logistic_elastic_net,3,4,ms_14,1,0.9999999999969906
channel__logistic_elastic_net,3,4,ms_16,1,0.9854117978386151
channel__logistic_elastic_net,3,4,ms_17,1,0.9998238827743837
channel__logistic_elastic_net,3,4,ms_20,1,4.284623585554196e-05
channel__logistic_elastic_net,4,1,hc_01,0,0.9318216121614289
channel__logistic_elastic_net,4,1,hc_04,0,0.6347304927111292
channel__logistic_elastic_net,4,1,ms_04,1,0.658545160613961
channel__logistic_elastic_net,4,1,ms_06,1,0.9665843011412178
channel__logistic_elastic_net,4,1,ms_08,1,0.9868301601099694
channel__logistic_elastic_net,4,1,ms_10,1,0.9706768050672864
channel__logistic_elastic_net,4,1,ms_16,1,0.7046115276981131
channel__logistic_elastic_net,4,1,ms_23,1,0.8300577228760642
channel__logistic_elastic_net,4,2,hc_02,0,0.4394990699434024
channel__logistic_elastic_net,4,2,hc_08,0,0.4687720448347049
channel__logistic_elastic_net,4,2,ms_02,1,0.6646300471953455
channel__logistic_elastic_net,4,2,ms_17,1,0.5273460011037213
channel__logistic_elastic_net,4,2,ms_18,1,0.4663779212457476
channel__logistic_elastic_net,4,2,ms_19,1,0.5110779635710851
channel__logistic_elastic_net,4,2,ms_21,1,0.6070842653010922
channel__logistic_elastic_net,4,2,ms_22,1,0.4813294488764613
channel__logistic_elastic_net,4,3,hc_03,0,0.8754895925899789
channel__logistic_elastic_net,4,3,hc_05,0,0.8265157601539951
channel__logistic_elastic_net,4,3,ms_03,1,0.4226205584761882
channel__logistic_elastic_net,4,3,ms_07,1,0.0018802733348302217
channel__logistic_elastic_net,4,3,ms_11,1,0.9999711902825049
channel__logistic_elastic_net,4,3,ms_13,1,0.7820781070905337
channel__logistic_elastic_net,4,3,ms_14,1,0.6077442947601566
channel__logistic_elastic_net,4,3,ms_24,1,0.9954723672597846
channel__logistic_elastic_net,4,4,hc_06,0,0.7182454670887961
channel__logistic_elastic_net,4,4,hc_07,0,0.03375694123352402
channel__logistic_elastic_net,4,4,ms_01,1,0.9986557177548265
channel__logistic_elastic_net,4,4,ms_05,1,0.9992810796467526
channel__logistic_elastic_net,4,4,ms_09,1,0.03495641789862963
channel__logistic_elastic_net,4,4,ms_12,1,0.2131487216750459
channel__logistic_elastic_net,4,4,ms_15,1,0.9946431376162027
channel__logistic_elastic_net,4,4,ms_20,1,0.013844852768347165
channel__logistic_elastic_net,5,1,hc_02,0,0.2879063001385615
channel__logistic_elastic_net,5,1,hc_03,0,0.7883731196257319
channel__logistic_elastic_net,5,1,ms_03,1,0.6734469321382711
channel__logistic_elastic_net,5,1,ms_04,1,0.834207316586974
channel__logistic_elastic_net,5,1,ms_05,1,0.9689288741865554
channel__logistic_elastic_net,5,1,ms_21,1,0.9999648003308573
channel__logistic_elastic_net,5,1,ms_23,1,0.36905149417503086
channel__logistic_elastic_net,5,1,ms_24,1,0.9964968799664665
channel__logistic_elastic_net,5,2,hc_01,0,0.9866680659890277
channel__logistic_elastic_net,5,2,hc_04,0,0.8198760108399363
channel__logistic_elastic_net,5,2,ms_01,1,0.9997986257579183
channel__logistic_elastic_net,5,2,ms_07,1,0.02490792382005543
channel__logistic_elastic_net,5,2,ms_11,1,0.9959202437902386
channel__logistic_elastic_net,5,2,ms_12,1,0.542996240328662
channel__logistic_elastic_net,5,2,ms_14,1,0.9981748331952748
channel__logistic_elastic_net,5,2,ms_15,1,0.977274859285819
channel__logistic_elastic_net,5,3,hc_05,0,0.7143847771489387
channel__logistic_elastic_net,5,3,hc_06,0,0.6878478728256202
channel__logistic_elastic_net,5,3,ms_02,1,0.6354887812339538
channel__logistic_elastic_net,5,3,ms_06,1,0.415255783275437
channel__logistic_elastic_net,5,3,ms_08,1,0.5667247819747321
channel__logistic_elastic_net,5,3,ms_09,1,0.5625924815164894
channel__logistic_elastic_net,5,3,ms_19,1,0.011580449993933331
channel__logistic_elastic_net,5,3,ms_20,1,0.005547608948360191
channel__logistic_elastic_net,5,4,hc_07,0,0.4930961526133373
channel__logistic_elastic_net,5,4,hc_08,0,0.6230611328728733
channel__logistic_elastic_net,5,4,ms_10,1,0.33693591903238884
channel__logistic_elastic_net,5,4,ms_13,1,0.45238356885448094
channel__logistic_elastic_net,5,4,ms_16,1,0.3351487013643617
channel__logistic_elastic_net,5,4,ms_17,1,0.15015307675837705
channel__logistic_elastic_net,5,4,ms_18,1,0.6101424793514484
channel__logistic_elastic_net,5,4,ms_22,1,0.015038696838190573
channel__lda,1,1,hc_01,0,0.9999998308015352
channel__lda,1,1,hc_03,0,0.9989368149782134
channel__lda,1,1,ms_10,1,0.9999976996131688
channel__lda,1,1,ms_11,1,0.9999997838513305
channel__lda,1,1,ms_13,1,0.9246661608161857
channel__lda,1,1,ms_17,1,0.011068718790858412
channel__lda,1,1,ms_18,1,0.9997829824070661
channel__lda,1,1,ms_20,1,4.806227196164125e-12
channel__lda,1,2,hc_05,0,0.999999676627876
channel__lda,1,2,hc_07,0,0.02642116506851267
channel__lda,1,2,ms_05,1,6.290496380292041e-05
channel__lda,1,2,ms_06,1,0.00011220678133677126
channel__lda,1,2,ms_15,1,0.1553509737966259
channel__lda,1,2,ms_19,1,0.011123298534599507
channel__lda,1,2,ms_22,1,0.9999820909249262
channel__lda,1,2,ms_24,1,0.9985553893406981
channel__lda,1,3,hc_02,0,0.17039550249130805
channel__lda,1,3,hc_06,0,0.9927917151210001
channel__lda,1,3,ms_01,1,0.9996936805684095
channel__lda,1,3,ms_02,1,0.9996813683612631
channel__lda,1,3,ms_04,1,0.7810993248654475
channel__lda,1,3,ms_09,1,0.08199774097069477
channel__lda,1,3,ms_12,1,0.17586529334202772
channel__lda,1,3,ms_14,1,0.7284130285519457
channel__lda,1,4,hc_04,0,0.887238456432432
channel__lda,1,4,hc_08,0,0.8205524522328422
channel__lda,1,4,ms_03,1,0.9974321691554797
channel__lda,1,4,ms_07,1,0.30950715803726647
channel__lda,1,4,ms_08,1,0.9960558892665897
channel__lda,1,4,ms_16,1,0.31091744339454047
channel__lda,1,4,ms_21,1,0.9984527234418628
channel__lda,1,4,ms_23,1,0.959885245420541
channel__lda,2,1,hc_01,0,0.9741764839995554
channel__lda,2,1,hc_08,0,0.5115707448056336
channel__lda,2,1,ms_03,1,0.9939994809288708
channel__lda,2,1,ms_05,1,0.9946755037021809
channel__lda,2,1,ms_13,1,0.9987027591505737
channel__lda,2,1,ms_17,1,0.24207845514803805
channel__lda,2,1,ms_23,1,0.9623680727713397
channel__lda,2,1,ms_24,1,0.9999641323724608
channel__lda,2,2,hc_05,0,0.9850694734207905
channel__lda,2,2,hc_07,0,0.00316205607844299
channel__lda,2,2,ms_01,1,0.9993923386412783
channel__lda,2,2,ms_02,1,0.9999936612751636
channel__lda,2,2,ms_12,1,0.9790595205443956
channel__lda,2,2,ms_15,1,0.9992137030883346
channel__lda,2,2,ms_20,1,1.3969624715031641e-05
channel__lda,2,2,ms_21,1,0.9952238784169699
channel__lda,2,3,hc_03,0,0.9984594683201321
channel__lda,2,3,hc_04,0,0.9997850282906916
channel__lda,2,3,ms_07,1,1.392215082697472e-05
channel__lda,2,3,ms_08,1,0.9993158198863408
channel__lda,2,3,ms_10,1,0.999252495943743
channel__lda,2,3,ms_11,1,0.9379780421544298
channel__lda,2,3,ms_14,1,0.9771585939131737
channel__lda,2,3,ms_18,1,0.6650774779733301
channel__lda,2,4,hc_02,0,0.049500001093192865
channel__lda,2,4,hc_06,0,0.8975456788605446
channel__lda,2,4,ms_04,1,0.7881908194410329
channel__lda,2,4,ms_06,1,0.9952243543725651
channel__lda,2,4,ms_09,1,0.3098259059101499
channel__lda,2,4,ms_16,1,0.6602895778827379
channel__lda,2,4,ms_19,1,0.010027687915559916
channel__lda,2,4,ms_22,1,0.9679555861468377
channel__lda,3,1,hc_03,0,0.8874151669202859
channel__lda,3,1,hc_05,0,0.8082741074548707
channel__lda,3,1,ms_01,1,0.9999966984926669
channel__lda,3,1,ms_02,1,0.9999038896265543
channel__lda,3,1,ms_09,1,0.11605355860137398
channel__lda,3,1,ms_22,1,0.9688560945125254
channel__lda,3,1,ms_23,1,0.8461050333944159
channel__lda,3,1,ms_24,1,0.9991333100882689
channel__lda,3,2,hc_04,0,0.9902653201974865
channel__lda,3,2,hc_07,0,0.013984969448089371
channel__lda,3,2,ms_07,1,4.7205988323966645e-05
channel__lda,3,2,ms_11,1,0.7955682496779356
channel__lda,3,2,ms_12,1,0.2500266609079414
channel__lda,3,2,ms_13,1,0.7927072856679164
channel__lda,3,2,ms_18,1,0.11980491754589494
channel__lda,3,2,ms_21,1,0.13277475943182218
channel__lda,3,3,hc_01,0,0.9918441138108632
channel__lda,3,3,hc_06,0,0.9534138427197041
channel__lda,3,3,ms_04,1,0.9600068650178294
channel__lda,3,3,ms_06,1,0.9752391882175874
channel__lda,3,3,ms_08,1,0.9987390834725096
channel__lda,3,3,ms_10,1,0.9519931274870108
channel__lda,3,3,ms_15,1,0.8812943661238483
channel__lda,3,3,ms_19,1,5.678205212844367e-05
channel__lda,3,4,hc_02,0,0.13112319272203327
channel__lda,3,4,hc_08,0,0.11380650484624229
channel__lda,3,4,ms_03,1,0.7378647585523656
channel__lda,3,4,ms_05,1,0.9942084407833104
channel__lda,3,4,ms_14,1,0.9989958565146296
channel__lda,3,4,ms_16,1,0.9244506243835591
channel__lda,3,4,ms_17,1,0.6955627690011954
channel__lda,3,4,ms_20,1,0.043004591157165296
channel__lda,4,1,hc_01,0,0.9911806500313625
channel__lda,4,1,hc_04,0,0.7240495507801301
channel__lda,4,1,ms_04,1,0.7133665419625623
channel__lda,4,1,ms_06,1,0.9907832953303786
channel__lda,4,1,ms_08,1,0.9965129045017542
channel__lda,4,1,ms_10,1,0.9992782915166417
channel__lda,4,1,ms_16,1,0.931668137600872
channel__lda,4,1,ms_23,1,0.9031736750536092
channel__lda,4,2,hc_02,0,0.16065900488513166
channel__lda,4,2,hc_08,0,0.4643806666977131
channel__lda,4,2,ms_02,1,0.9999308753372889
channel__lda,4,2,ms_17,1,0.8565578400058553
channel__lda,4,2,ms_18,1,0.33201662603544896
channel__lda,4,2,ms_19,1,0.7815252652852013
channel__lda,4,2,ms_21,1,0.995369356958752
channel__lda,4,2,ms_22,1,0.33003766214360286
channel__lda,4,3,hc_03,0,0.991065233211908
channel__lda,4,3,hc_05,0,0.858708038579792
channel__lda,4,3,ms_03,1,0.48556686110486635
channel__lda,4,3,ms_07,1,1.006928721390384e-05
channel__lda,4,3,ms_11,1,0.999999744127559
channel__lda,4,3,ms_13,1,0.9888315532278773
channel__lda,4,3,ms_14,1,0.9054119114820834
channel__lda,4,3,ms_24,1,0.9999898172425504
channel__lda,4,4,hc_06,0,0.9999978555220064
channel__lda,4,4,hc_07,0,3.3900908307098714e-08
channel__lda,4,4,ms_01,1,0.9999999999305806
channel__lda,4,4,ms_05,1,0.9999999999986138
channel__lda,4,4,ms_09,1,6.643036415421596e-07
channel__lda,4,4,ms_12,1,5.131532715418931e-05
channel__lda,4,4,ms_15,1,0.9999999999979445
channel__lda,4,4,ms_20,1,3.277643511635923e-13
channel__lda,5,1,hc_02,0,0.6632873302802781
channel__lda,5,1,hc_03,0,0.8592991001813371
channel__lda,5,1,ms_03,1,0.9499282406973024
channel__lda,5,1,ms_04,1,0.9719406957908701
channel__lda,5,1,ms_05,1,0.9946560452096671
channel__lda,5,1,ms_21,1,0.9996452035588337
channel__lda,5,1,ms_23,1,0.396884341325669
channel__lda,5,1,ms_24,1,0.9975700462443737
channel__lda,5,2,hc_01,0,0.9999987821512107
channel__lda,5,2,hc_04,0,0.4237907467842858
channel__lda,5,2,ms_01,1,0.9999999393769371
channel__lda,5,2,ms_07,1,3.929863332796541e-05
channel__lda,5,2,ms_11,1,0.9999880146968579
channel__lda,5,2,ms_12,1,0.13332636614301463
channel__lda,5,2,ms_14,1,0.9999950029438134
channel__lda,5,2,ms_15,1,0.9999314099750833
channel__lda,5,3,hc_05,0,0.9965495306667554
channel__lda,5,3,hc_06,0,0.9990865252815925
channel__lda,5,3,ms_02,1,0.1168023292872381
channel__lda,5,3,ms_06,1,0.08241363755835689
channel__lda,5,3,ms_08,1,0.9185339695522465
channel__lda,5,3,ms_09,1,0.9928755401225792
channel__lda,5,3,ms_19,1,1.9154345546610947e-19
channel__lda,5,3,ms_20,1,6.380816728346549e-23
channel__lda,5,4,hc_07,0,0.9019749295656168
channel__lda,5,4,hc_08,0,0.9351723868340018
channel__lda,5,4,ms_10,1,0.47294667564990944
channel__lda,5,4,ms_13,1,0.30939141294447436
channel__lda,5,4,ms_16,1,0.07336180725778974
channel__lda,5,4,ms_17,1,0.6158409321078981
channel__lda,5,4,ms_18,1,0.8557150765109317
channel__lda,5,4,ms_22,1,0.0026409414677117833
channel__knn,1,1,hc_01,0,1.0
channel__knn,1,1,hc_03,0,0.7206617462109068
channel__knn,1,1,ms_10,1,1.0
channel__knn,1,1,ms_11,1,1.0
channel__knn,1,1,ms_13,1,1.0
channel__knn,1,1,ms_17,1,0.32777417962211236
channel__knn,1,1,ms_18,1,1.0
channel__knn,1,1,ms_20,1,0.0
channel__knn,1,2,hc_05,0,1.0
channel__knn,1,2,hc_07,0,0.0
channel__knn,1,2,ms_05,1,0.3333333333333333
channel__knn,1,2,ms_06,1,0.3333333333333333
channel__knn,1,2,ms_15,1,0.6666666666666666
channel__knn,1,2,ms_19,1,0.3333333333333333
channel__knn,1,2,ms_22,1,1.0
channel__knn,1,2,ms_24,1,0.6666666666666666
channel__knn,1,3,hc_02,0,0.3333333333333333
channel__knn,1,3,hc_06,0,1.0
channel__knn,1,3,ms_01,1,1.0
channel__knn,1,3,ms_02,1,1.0
channel__knn,1,3,ms_04,1,0.6666666666666666
channel__knn,1,3,ms_09,1,0.3333333333333333
channel__knn,1,3,ms_12,1,0.3333333333333333
channel__knn,1,3,ms_14,1,1.0
channel__knn,1,4,hc_04,0,1.0
channel__knn,1,4,hc_08,0,0.8
channel__knn,1,4,ms_03,1,1.0
channel__knn,1,4,ms_07,1,0.2
channel__knn,1,4,ms_08,1,1.0
channel__knn,1,4,ms_16,1,0.2
channel__knn,1,4,ms_21,1,0.4
channel__knn,1,4,ms_23,1,0.8
channel__knn,2,1,hc_01,0,1.0
channel__knn,2,1,hc_08,0,0.2857142857142857
channel__knn,2,1,ms_03,1,1.0
channel__knn,2,1,ms_05,1,1.0
channel__knn,2,1,ms_13,1,1.0
channel__knn,2,1,ms_17,1,0.2857142857142857
channel__knn,2,1,ms_23,1,0.8571428571428571
channel__knn,2,1,ms_24,1,1.0
channel__knn,2,2,hc_05,0,1.0
channel__knn,2,2,hc_07,0,0.0
channel__knn,2,2,ms_01,1,1.0
channel__knn,2,2,ms_02,1,1.0
channel__knn,2,2,ms_12,1,1.0
channel__knn,2,2,ms_15,1,1.0
channel__knn,2,2,ms_20,1,0.08717025047400065
channel__knn,2,2,ms_21,1,1.0
channel__knn,2,3,hc_03,0,0.7777777777777778
channel__knn,2,3,hc_04,0,1.0
channel__knn,2,3,ms_07,1,0.3333333333333333
channel__knn,2,3,ms_08,1,0.7777777777777778
channel__knn,2,3,ms_10,1,0.8888888888888888
channel__knn,2,3,ms_11,1,0.8888888888888888
channel__knn,2,3,ms_14,1,1.0
channel__knn,2,3,ms_18,1,0.7777777777777778
channel__knn,2,4,hc_02,0,0.3333333333333333
channel__knn,2,4,hc_06,0,1.0
channel__knn,2,4,ms_04,1,0.3333333333333333
channel__knn,2,4,ms_06,1,1.0
channel__knn,2,4,ms_09,1,0.3333333333333333
channel__knn,2,4,ms_16,1,1.0
channel__knn,2,4,ms_19,1,1.0
channel__knn,2,4,ms_22,1,1.0
channel__knn,3,1,hc_03,0,1.0
channel__knn,3,1,hc_05,0,0.6666666666666666
channel__knn,3,1,ms_01,1,1.0
channel__knn,3,1,ms_02,1,1.0
channel__knn,3,1,ms_09,1,0.0
channel__knn,3,1,ms_22,1,1.0
channel__knn,3,1,ms_23,1,0.6666666666666666
channel__knn,3,1,ms_24,1,1.0
channel__knn,3,2,hc_04,0,0.7777777777777778
channel__knn,3,2,hc_07,0,0.4444444444444444
channel__knn,3,2,ms_07,1,0.3333333333333333
channel__knn,3,2,ms_11,1,0.5555555555555556
channel__knn,3,2,ms_12,1,0.5555555555555556
channel__knn,3,2,ms_13,1,0.6666666666666666
channel__knn,3,2,ms_18,1,0.4444444444444444
channel__knn,3,2,ms_21,1,0.4444444444444444
channel__knn,3,3,hc_01,0,1.0
channel__knn,3,3,hc_06,0,1.0
channel__knn,3,3,ms_04,1,1.0
channel__knn,3,3,ms_06,1,0.627189031715991
channel__knn,3,3,ms_08,1,1.0
channel__knn,3,3,ms_10,1,1.0
channel__knn,3,3,ms_15,1,1.0
channel__knn,3,3,ms_19,1,0.3802460291622685
channel__knn,3,4,hc_02,0,0.518882470151328
channel__knn,3,4,hc_08,0,0.3391455340275136
channel__knn,3,4,ms_03,1,0.5826384586980713
channel__knn,3,4,ms_05,1,1.0
channel__knn,3,4,ms_14,1,1.0
channel__knn,3,4,ms_16,1,1.0
channel__knn,3,4,ms_17,1,0.2629978753947749
channel__knn,3,4,ms_20,1,0.3641006560819455
channel__knn,4,1,hc_01,0,0.83694532693083
channel__knn,4,1,hc_04,0,0.7886773367108708
channel__knn,4,1,ms_04,1,0.5415031925512934
channel__knn,4,1,ms_06,1,1.0
channel__knn,4,1,ms_08,1,1.0
channel__knn,4,1,ms_10,1,1.0
channel__knn,4,1,ms_16,1,0.5422736414945276
channel__knn,4,1,ms_23,1,0.8891612370368832
channel__knn,4,2,hc_02,0,0.4
channel__knn,4,2,hc_08,0,0.6
channel__knn,4,2,ms_02,1,1.0
channel__knn,4,2,ms_17,1,1.0
channel__knn,4,2,ms_18,1,0.4
channel__knn,4,2,ms_19,1,0.8
channel__knn,4,2,ms_21,1,0.8
channel__knn,4,2,ms_22,1,0.4
channel__knn,4,3,hc_03,0,1.0
channel__knn,4,3,hc_05,0,1.0
channel__knn,4,3,ms_03,1,0.5555555555555556
channel__knn,4,3,ms_07,1,0.4444444444444444
channel__knn,4,3,ms_11,1,1.0
channel__knn,4,3,ms_13,1,0.7777777777777778
channel__knn,4,3,ms_14,1,0.8888888888888888
channel__knn,4,3,ms_24,1,1.0
channel__knn,4,4,hc_06,0,0.8570683148910466
channel__knn,4,4,hc_07,0,0.18579210307888064
channel__knn,4,4,ms_01,1,1.0
channel__knn,4,4,ms_05,1,1.0
channel__knn,4,4,ms_09,1,0.22221230046229096
channel__knn,4,4,ms_12,1,0.26070588120863913
channel__knn,4,4,ms_15,1,1.0
channel__knn,4,4,ms_20,1,0.1510068342305605
channel__knn,5,1,hc_02,0,0.6718366587385451
channel__knn,5,1,hc_03,0,0.6441578456727235
channel__knn,5,1,ms_03,1,0.6391990479783567
channel__knn,5,1,ms_04,1,0.6724250515642551
channel__knn,5,1,ms_05,1,1.0
channel__knn,5,1,ms_21,1,1.0
channel__knn,5,1,ms_23,1,0.27054204958447436
channel__knn,5,1,ms_24,1,1.0
channel__knn,5,2,hc_01,0,1.0
channel__knn,5,2,hc_04,0,0.6666666666666666
channel__knn,5,2,ms_01,1,1.0
channel__knn,5,2,ms_07,1,0.3333333333333333
channel__knn,5,2,ms_11,1,1.0
channel__knn,5,2,ms_12,1,0.6666666666666666
channel__knn,5,2,ms_14,1,1.0
channel__knn,5,2,ms_15,1,1.0
channel__knn,5,3,hc_05,0,1.0
channel__knn,5,3,hc_06,0,1.0
channel__knn,5,3,ms_02,1,0.7371500054166318
channel__knn,5,3,ms_06,1,1.0
channel__knn,5,3,ms_08,1,0.6030649619160879
channel__knn,5,3,ms_09,1,1.0
channel__knn,5,3,ms_19,1,0.0
channel__knn,5,3,ms_20,1,0.0
channel__knn,5,4,hc_07,0,0.7777777777777778
channel__knn,5,4,hc_08,0,0.7777777777777778
channel__knn,5,4,ms_10,1,0.6666666666666666
channel__knn,5,4,ms_13,1,0.6666666666666666
channel__knn,5,4,ms_16,1,0.5555555555555556
channel__knn,5,4,ms_17,1,0.8888888888888888
channel__knn,5,4,ms_18,1,0.8888888888888888
channel__knn,5,4,ms_22,1,0.5555555555555556
channel__xgboost,1,1,hc_01,0,0.7702530026435852
channel__xgboost,1,1,hc_03,0,0.6755549907684326
channel__xgboost,1,1,ms_10,1,0.8515809774398804
channel__xgboost,1,1,ms_11,1,0.6829115748405457
channel__xgboost,1,1,ms_13,1,0.6995663642883301
channel__xgboost,1,1,ms_17,1,0.389605849981308
channel__xgboost,1,1,ms_18,1,0.4732552170753479
channel__xgboost,1,1,ms_20,1,0.4986979365348816
channel__xgboost,1,2,hc_05,0,0.8757109642028809
channel__xgboost,1,2,hc_07,0,0.6937550902366638
channel__xgboost,1,2,ms_05,1,0.5878996849060059
channel__xgboost,1,2,ms_06,1,0.18354381620883942
channel__xgboost,1,2,ms_15,1,0.6937550902366638
channel__xgboost,1,2,ms_19,1,0.18354381620883942
channel__xgboost,1,2,ms_22,1,0.8960421085357666
channel__xgboost,1,2,ms_24,1,0.8936581015586853
channel__xgboost,1,3,hc_02,0,0.22555464506149292
channel__xgboost,1,3,hc_06,0,0.755770742893219
channel__xgboost,1,3,ms_01,1,0.9209195375442505
channel__xgboost,1,3,ms_02,1,0.8610695004463196
channel__xgboost,1,3,ms_04,1,0.3087674677371979
channel__xgboost,1,3,ms_09,1,0.13420388102531433
channel__xgboost,1,3,ms_12,1,0.22555464506149292
channel__xgboost,1,3,ms_14,1,0.8610695004463196
channel__xgboost,1,4,hc_04,0,0.931302011013031
channel__xgboost,1,4,hc_08,0,0.8738689422607422
channel__xgboost,1,4,ms_03,1,0.931302011013031
channel__xgboost,1,4,ms_07,1,0.1040782630443573
channel__xgboost,1,4,ms_08,1,0.931302011013031
channel__xgboost,1,4,ms_16,1,0.1040782630443573
channel__xgboost,1,4,ms_21,1,0.29500454664230347
channel__xgboost,1,4,ms_23,1,0.22671398520469666
channel__xgboost,2,1,hc_01,0,0.9437966346740723
channel__xgboost,2,1,hc_08,0,0.4586591422557831
channel__xgboost,2,1,ms_03,1,0.9069675207138062
channel__xgboost,2,1,ms_05,1,0.9320188760757446
channel__xgboost,2,1,ms_13,1,0.7871347665786743
channel__xgboost,2,1,ms_17,1,0.5804099440574646
channel__xgboost,2,1,ms_23,1,0.5041104555130005
channel__xgboost,2,1,ms_24,1,0.8520920872688293
channel__xgboost,2,2,hc_05,0,0.3897426128387451
channel__xgboost,2,2,hc_07,0,0.11705417931079865
channel__xgboost,2,2,ms_01,1,0.8803027272224426
channel__xgboost,2,2,ms_02,1,0.8803027272224426
channel__xgboost,2,2,ms_12,1,0.3657437562942505
channel__xgboost,2,2,ms_15,1,0.6836483478546143
channel__xgboost,2,2,ms_20,1,0.11705417931079865
channel__xgboost,2,2,ms_21,1,0.3897426128387451
channel__xgboost,2,3,hc_03,0,0.8858298659324646
channel__xgboost,2,3,hc_04,0,0.9680566787719727
channel__xgboost,2,3,ms_07,1,0.8562707304954529
channel__xgboost,2,3,ms_08,1,0.8742225766181946
channel__xgboost,2,3,ms_10,1,0.9335014224052429
channel__xgboost,2,3,ms_11,1,0.9571909308433533
channel__xgboost,2,3,ms_14,1,0.8946717381477356
channel__xgboost,2,3,ms_18,1,0.27178192138671875
channel__xgboost,2,4,hc_02,0,0.19949263334274292
channel__xgboost,2,4,hc_06,0,0.48817718029022217
channel__xgboost,2,4,ms_04,1,0.40045446157455444
channel__xgboost,2,4,ms_06,1,0.8625065684318542
channel__xgboost,2,4,ms_09,1,0.4107670783996582
channel__xgboost,2,4,ms_16,1,0.7769470810890198
channel__xgboost,2,4,ms_19,1,0.4297661781311035
channel__xgboost,2,4,ms_22,1,0.7518543601036072
channel__xgboost,3,1,hc_03,0,0.8276035785675049
channel__xgboost,3,1,hc_05,0,0.3074328899383545
channel__xgboost,3,1,ms_01,1,0.925722062587738
channel__xgboost,3,1,ms_02,1,0.8652926087379456
channel__xgboost,3,1,ms_09,1,0.5354088544845581
channel__xgboost,3,1,ms_22,1,0.8276685476303101
channel__xgboost,3,1,ms_23,1,0.7121689319610596
channel__xgboost,3,1,ms_24,1,0.925722062587738
channel__xgboost,3,2,hc_04,0,0.7272858023643494
channel__xgboost,3,2,hc_07,0,0.10637044161558151
channel__xgboost,3,2,ms_07,1,0.43530288338661194
channel__xgboost,3,2,ms_11,1,0.7539212703704834
channel__xgboost,3,2,ms_12,1,0.08653128892183304
channel__xgboost,3,2,ms_13,1,0.9559503793716431
channel__xgboost,3,2,ms_18,1,0.3148208260536194
channel__xgboost,3,2,ms_21,1,0.08653128892183304
channel__xgboost,3,3,hc_01,0,0.9337906837463379
channel__xgboost,3,3,hc_06,0,0.5872848033905029
channel__xgboost,3,3,ms_04,1,0.7905420660972595
channel__xgboost,3,3,ms_06,1,0.8547483682632446
channel__xgboost,3,3,ms_08,1,0.8474020957946777
channel__xgboost,3,3,ms_10,1,0.9354512691497803
channel__xgboost,3,3,ms_15,1,0.9084266424179077
channel__xgboost,3,3,ms_19,1,0.7203609943389893
channel__xgboost,3,4,hc_02,0,0.09299696981906891
channel__xgboost,3,4,hc_08,0,0.05856475979089737
channel__xgboost,3,4,ms_03,1,0.7642517685890198
channel__xgboost,3,4,ms_05,1,0.8977556228637695
channel__xgboost,3,4,ms_14,1,0.9809690713882446
channel__xgboost,3,4,ms_16,1,0.93536776304245
channel__xgboost,3,4,ms_17,1,0.9433495998382568
channel__xgboost,3,4,ms_20,1,0.032071031630039215
channel__xgboost,4,1,hc_01,0,0.5074994564056396
channel__xgboost,4,1,hc_04,0,0.5074994564056396
channel__xgboost,4,1,ms_04,1,0.5074994564056396
channel__xgboost,4,1,ms_06,1,0.5074994564056396
channel__xgboost,4,1,ms_08,1,0.5074994564056396
channel__xgboost,4,1,ms_10,1,0.5074994564056396
channel__xgboost,4,1,ms_16,1,0.5074994564056396
channel__xgboost,4,1,ms_23,1,0.5074994564056396
channel__xgboost,4,2,hc_02,0,0.16287827491760254
channel__xgboost,4,2,hc_08,0,0.2759270668029785
channel__xgboost,4,2,ms_02,1,0.9368036985397339
channel__xgboost,4,2,ms_17,1,0.7647691369056702
channel__xgboost,4,2,ms_18,1,0.20814856886863708
channel__xgboost,4,2,ms_19,1,0.398237943649292
channel__xgboost,4,2,ms_21,1,0.6899452209472656
channel__xgboost,4,2,ms_22,1,0.7647691369056702
channel__xgboost,4,3,hc_03,0,0.7420186400413513
channel__xgboost,4,3,hc_05,0,0.45623645186424255
channel__xgboost,4,3,ms_03,1,0.9029474258422852
channel__xgboost,4,3,ms_07,1,0.2930067479610443
channel__xgboost,4,3,ms_11,1,0.9103724956512451
channel__xgboost,4,3,ms_13,1,0.9103724956512451
channel__xgboost,4,3,ms_14,1,0.9029474258422852
channel__xgboost,4,3,ms_24,1,0.9103724956512451
channel__xgboost,4,4,hc_06,0,0.6620917916297913
channel__xgboost,4,4,hc_07,0,0.1069943755865097
channel__xgboost,4,4,ms_01,1,0.9137294888496399
channel__xgboost,4,4,ms_05,1,0.9137294888496399
channel__xgboost,4,4,ms_09,1,0.1069943755865097
channel__xgboost,4,4,ms_12,1,0.1069943755865097
channel__xgboost,4,4,ms_15,1,0.9137294888496399
channel__xgboost,4,4,ms_20,1,0.1069943755865097
channel__xgboost,5,1,hc_02,0,0.19396188855171204
channel__xgboost,5,1,hc_03,0,0.7376203536987305
channel__xgboost,5,1,ms_03,1,0.9097517728805542
channel__xgboost,5,1,ms_04,1,0.9174408912658691
channel__xgboost,5,1,ms_05,1,0.9310043454170227
channel__xgboost,5,1,ms_21,1,0.5944616794586182
channel__xgboost,5,1,ms_23,1,0.6656854748725891
channel__xgboost,5,1,ms_24,1,0.9310043454170227
channel__xgboost,5,2,hc_01,0,0.8356060981750488
channel__xgboost,5,2,hc_04,0,0.5045390129089355
channel__xgboost,5,2,ms_01,1,0.710746705532074
channel__xgboost,5,2,ms_07,1,0.18460948765277863
channel__xgboost,5,2,ms_11,1,0.6281976699829102
channel__xgboost,5,2,ms_12,1,0.21440674364566803
channel__xgboost,5,2,ms_14,1,0.710746705532074
channel__xgboost,5,2,ms_15,1,0.7964767813682556
channel__xgboost,5,3,hc_05,0,0.8112680912017822
channel__xgboost,5,3,hc_06,0,0.8112680912017822
channel__xgboost,5,3,ms_02,1,0.888778805732727
channel__xgboost,5,3,ms_06,1,0.8742528557777405
channel__xgboost,5,3,ms_08,1,0.7647967338562012
channel__xgboost,5,3,ms_09,1,0.8056767582893372
channel__xgboost,5,3,ms_19,1,0.42449384927749634
channel__xgboost,5,3,ms_20,1,0.10750866681337357
channel__xgboost,5,4,hc_07,0,0.8830779194831848
channel__xgboost,5,4,hc_08,0,0.7660612463951111
channel__xgboost,5,4,ms_10,1,0.6110440492630005
channel__xgboost,5,4,ms_13,1,0.7102631330490112
channel__xgboost,5,4,ms_16,1,0.30854785442352295
channel__xgboost,5,4,ms_17,1,0.6110440492630005
channel__xgboost,5,4,ms_18,1,0.5020707249641418
channel__xgboost,5,4,ms_22,1,0.4284273684024811
