model,repeat,fold,roc_auc,average_precision,balanced_accuracy,sensitivity,specificity,f1,best_inner_score,best_parameters
dummy,1,1,0.5,0.75,0.5,1.0,0.0,0.8571428571428571,0.5,"{""selector__k"": ""all""}"
dummy,1,2,0.5,0.75,0.5,1.0,0.0,0.8571428571428571,0.5,"{""selector__k"": ""all""}"
dummy,1,3,0.5,0.75,0.5,1.0,0.0,0.8571428571428571,0.5,"{""selector__k"": ""all""}"
dummy,1,4,0.5,0.75,0.5,1.0,0.0,0.8571428571428571,0.5,"{""selector__k"": ""all""}"
dummy,2,1,0.5,0.75,0.5,1.0,0.0,0.8571428571428571,0.5,"{""selector__k"": ""all""}"
dummy,2,2,0.5,0.75,0.5,1.0,0.0,0.8571428571428571,0.5,"{""selector__k"": ""all""}"
dummy,2,3,0.5,0.75,0.5,1.0,0.0,0.8571428571428571,0.5,"{""selector__k"": ""all""}"
dummy,2,4,0.5,0.75,0.5,1.0,0.0,0.8571428571428571,0.5,"{""selector__k"": ""all""}"
dummy,3,1,0.5,0.75,0.5,1.0,0.0,0.8571428571428571,0.5,"{""selector__k"": ""all""}"
dummy,3,2,0.5,0.75,0.5,1.0,0.0,0.8571428571428571,0.5,"{""selector__k"": ""all""}"
dummy,3,3,0.5,0.75,0.5,1.0,0.0,0.8571428571428571,0.5,"{""selector__k"": ""all""}"
dummy,3,4,0.5,0.75,0.5,1.0,0.0,0.8571428571428571,0.5,"{""selector__k"": ""all""}"
dummy,4,1,0.5,0.75,0.5,1.0,0.0,0.8571428571428571,0.5,"{""selector__k"": ""all""}"
dummy,4,2,0.5,0.75,0.5,1.0,0.0,0.8571428571428571,0.5,"{""selector__k"": ""all""}"
dummy,4,3,0.5,0.75,0.5,1.0,0.0,0.8571428571428571,0.5,"{""selector__k"": ""all""}"
dummy,4,4,0.5,0.75,0.5,1.0,0.0,0.8571428571428571,0.5,"{""selector__k"": ""all""}"
dummy,5,1,0.5,0.75,0.5,1.0,0.0,0.8571428571428571,0.5,"{""selector__k"": ""all""}"
dummy,5,2,0.5,0.75,0.5,1.0,0.0,0.8571428571428571,0.5,"{""selector__k"": ""all""}"
dummy,5,3,0.5,0.75,0.5,1.0,0.0,0.8571428571428571,0.5,"{""selector__k"": ""all""}"
dummy,5,4,0.5,0.75,0.5,1.0,0.0,0.8571428571428571,0.5,"{""selector__k"": ""all""}"
logistic_elastic_net,1,1,0.41666666666666663,0.7801587301587302,0.3333333333333333,0.6666666666666666,0.0,0.6666666666666666,0.8055555555555557,"{""model__C"": 0.1, ""model__l1_ratio"": 0.25, ""selector__k"": 20}"
logistic_elastic_net,1,2,0.3333333333333333,0.7884920634920635,0.5,1.0,0.0,0.8571428571428571,0.6111111111111112,"{""model__C"": 10.0, ""model__l1_ratio"": 0.25, ""selector__k"": 20}"
logistic_elastic_net,1,3,0.6666666666666666,0.8734126984126984,0.5833333333333333,0.6666666666666666,0.5,0.7272727272727273,0.5,"{""model__C"": 0.1, ""model__l1_ratio"": 0.5, ""selector__k"": 5}"
logistic_elastic_net,1,4,0.3333333333333333,0.6968253968253968,0.5833333333333333,0.6666666666666666,0.5,0.7272727272727273,0.6111111111111112,"{""model__C"": 10.0, ""model__l1_ratio"": 0.25, ""selector__k"": 20}"
logistic_elastic_net,2,1,0.5,0.8,0.6666666666666667,0.8333333333333334,0.5,0.8333333333333334,0.7777777777777777,"{""model__C"": 1.0, ""model__l1_ratio"": 0.25, ""selector__k"": 20}"
logistic_elastic_net,2,2,0.6666666666666667,0.8972222222222223,0.4166666666666667,0.8333333333333334,0.0,0.7692307692307693,0.6944444444444443,"{""model__C"": 1.0, ""model__l1_ratio"": 0.75, ""selector__k"": 20}"
logistic_elastic_net,2,3,0.3333333333333333,0.6968253968253968,0.3333333333333333,0.6666666666666666,0.0,0.6666666666666666,0.6944444444444445,"{""model__C"": 10.0, ""model__l1_ratio"": 0.25, ""selector__k"": 5}"
logistic_elastic_net,2,4,0.5,0.75,0.5,0.0,1.0,0.0,0.5,"{""model__C"": 0.1, ""model__l1_ratio"": 0.75, ""selector__k"": 5}"
logistic_elastic_net,3,1,0.8333333333333334,0.9583333333333334,0.9166666666666667,0.8333333333333334,1.0,0.9090909090909091,0.5555555555555556,"{""model__C"": 10.0, ""model__l1_ratio"": 0.25, ""selector__k"": 10}"
logistic_elastic_net,3,2,0.3333333333333333,0.6968253968253968,0.3333333333333333,0.16666666666666666,0.5,0.25,0.7222222222222222,"{""model__C"": 0.1, ""model__l1_ratio"": 0.25, ""selector__k"": 5}"
logistic_elastic_net,3,3,0.5833333333333334,0.8178571428571428,0.75,1.0,0.5,0.9230769230769231,0.8611111111111112,"{""model__C"": 10.0, ""model__l1_ratio"": 0.25, ""selector__k"": 10}"
logistic_elastic_net,3,4,0.8333333333333334,0.9583333333333334,0.8333333333333333,0.6666666666666666,1.0,0.8,0.6944444444444443,"{""model__C"": 10.0, ""model__l1_ratio"": 0.25, ""selector__k"": 10}"
logistic_elastic_net,4,1,0.5833333333333333,0.8773809523809524,0.3333333333333333,0.6666666666666666,0.0,0.6666666666666666,0.5277777777777778,"{""model__C"": 0.1, ""model__l1_ratio"": 0.25, ""selector__k"": 10}"
logistic_elastic_net,4,2,0.5,0.8357142857142856,0.6666666666666666,0.3333333333333333,1.0,0.5,0.5555555555555555,"{""model__C"": 0.1, ""model__l1_ratio"": 0.5, ""selector__k"": 5}"
logistic_elastic_net,4,3,0.5,0.8551587301587301,0.3333333333333333,0.6666666666666666,0.0,0.6666666666666666,0.6944444444444445,"{""model__C"": 0.1, ""model__l1_ratio"": 0.25, ""selector__k"": 20}"
logistic_elastic_net,4,4,0.5833333333333333,0.8773809523809524,0.5,0.5,0.5,0.6,0.75,"{""model__C"": 10.0, ""model__l1_ratio"": 0.25, ""selector__k"": 5}"
logistic_elastic_net,5,1,0.8333333333333333,0.9484126984126984,0.6666666666666667,0.8333333333333334,0.5,0.8333333333333334,0.5277777777777778,"{""model__C"": 0.1, ""model__l1_ratio"": 0.25, ""selector__k"": 5}"
logistic_elastic_net,5,2,0.5,0.8357142857142856,0.4166666666666667,0.8333333333333334,0.0,0.7692307692307693,0.5555555555555556,"{""model__C"": 10.0, ""model__l1_ratio"": 0.25, ""selector__k"": 10}"
logistic_elastic_net,5,3,0.0,0.594047619047619,0.16666666666666666,0.3333333333333333,0.0,0.4,0.7777777777777777,"{""model__C"": 10.0, ""model__l1_ratio"": 0.5, ""selector__k"": 20}"
logistic_elastic_net,5,4,0.0,0.594047619047619,0.16666666666666666,0.3333333333333333,0.0,0.4,0.6111111111111112,"{""model__C"": 10.0, ""model__l1_ratio"": 0.75, ""selector__k"": 10}"
lda,1,1,0.3333333333333333,0.6968253968253968,0.3333333333333333,0.6666666666666666,0.0,0.6666666666666666,0.8333333333333334,"{""model__shrinkage"": ""auto"", ""selector__k"": 20}"
lda,1,2,0.25,0.732936507936508,0.5,1.0,0.0,0.8571428571428571,0.6944444444444443,"{""model__shrinkage"": 0.1, ""selector__k"": 20}"
lda,1,3,0.5833333333333334,0.8178571428571428,0.5833333333333333,0.6666666666666666,0.5,0.7272727272727273,0.4444444444444445,"{""model__shrinkage"": 0.1, ""selector__k"": 10}"
lda,1,4,0.5833333333333333,0.8773809523809524,0.5833333333333333,0.6666666666666666,0.5,0.7272727272727273,0.6111111111111112,"{""model__shrinkage"": 0.5, ""selector__k"": 20}"
lda,2,1,0.5,0.8,0.6666666666666667,0.8333333333333334,0.5,0.8333333333333334,0.75,"{""model__shrinkage"": ""auto"", ""selector__k"": 20}"
lda,2,2,0.75,0.9305555555555556,0.6666666666666667,0.8333333333333334,0.5,0.8333333333333334,0.6666666666666666,"{""model__shrinkage"": ""auto"", ""selector__k"": 10}"
lda,2,3,0.3333333333333333,0.7579365079365079,0.3333333333333333,0.6666666666666666,0.0,0.6666666666666666,0.638888888888889,"{""model__shrinkage"": 0.9, ""selector__k"": 20}"
lda,2,4,0.9166666666666667,0.9761904761904762,0.75,0.5,1.0,0.6666666666666666,0.5,"{""model__shrinkage"": 0.1, ""selector__k"": 10}"
lda,3,1,0.75,0.9305555555555556,0.4166666666666667,0.8333333333333334,0.0,0.7692307692307693,0.47222222222222215,"{""model__shrinkage"": 0.9, ""selector__k"": 20}"
lda,3,2,0.3333333333333333,0.6968253968253968,0.5833333333333333,0.6666666666666666,0.5,0.7272727272727273,0.7222222222222222,"{""model__shrinkage"": ""auto"", ""selector__k"": 5}"
lda,3,3,0.41666666666666663,0.7801587301587302,0.4166666666666667,0.8333333333333334,0.0,0.7692307692307693,0.75,"{""model__shrinkage"": 0.1, ""selector__k"": 5}"
lda,3,4,0.8333333333333334,0.9583333333333334,0.8333333333333333,0.6666666666666666,1.0,0.8,0.6388888888888888,"{""model__shrinkage"": ""auto"", ""selector__k"": 10}"
lda,4,1,0.5,0.8,0.5,1.0,0.0,0.8571428571428571,0.47222222222222215,"{""model__shrinkage"": ""auto"", ""selector__k"": 5}"
lda,4,2,0.8333333333333333,0.9484126984126984,0.8333333333333333,0.6666666666666666,1.0,0.8,0.5555555555555555,"{""model__shrinkage"": 0.9, ""selector__k"": 20}"
lda,4,3,0.5833333333333333,0.8773809523809524,0.4166666666666667,0.8333333333333334,0.0,0.7692307692307693,0.6944444444444445,"{""model__shrinkage"": 0.9, ""selector__k"": 20}"
lda,4,4,0.6666666666666667,0.8972222222222223,0.5,0.5,0.5,0.6,0.75,"{""model__shrinkage"": ""auto"", ""selector__k"": 5}"
lda,5,1,0.75,0.9305555555555556,0.6666666666666667,0.8333333333333334,0.5,0.8333333333333334,0.5277777777777778,"{""model__shrinkage"": ""auto"", ""selector__k"": 5}"
lda,5,2,0.5833333333333334,0.8555555555555556,0.5833333333333333,0.6666666666666666,0.5,0.7272727272727273,0.5555555555555555,"{""model__shrinkage"": 0.9, ""selector__k"": 10}"
lda,5,3,0.16666666666666666,0.7051587301587301,0.3333333333333333,0.6666666666666666,0.0,0.6666666666666666,0.75,"{""model__shrinkage"": 0.1, ""selector__k"": 20}"
lda,5,4,0.0,0.594047619047619,0.16666666666666666,0.3333333333333333,0.0,0.4,0.5555555555555557,"{""model__shrinkage"": 0.9, ""selector__k"": 10}"
knn,1,1,0.5,0.8357142857142856,0.5833333333333333,0.6666666666666666,0.5,0.7272727272727273,0.8333333333333334,"{""model__n_neighbors"": 3, ""model__p"": 2, ""model__weights"": ""distance"", ""selector__k"": 5}"
knn,1,2,0.3333333333333333,0.6884920634920635,0.5,1.0,0.0,0.8571428571428571,0.6527777777777778,"{""model__n_neighbors"": 3, ""model__p"": 2, ""model__weights"": ""distance"", ""selector__k"": 20}"
knn,1,3,0.5833333333333334,0.7662698412698413,0.75,1.0,0.5,0.9230769230769231,0.3888888888888889,"{""model__n_neighbors"": 9, ""model__p"": 1, ""model__weights"": ""uniform"", ""selector__k"": 5}"
knn,1,4,0.41666666666666663,0.7801587301587302,0.3333333333333333,0.6666666666666666,0.0,0.6666666666666666,0.6388888888888888,"{""model__n_neighbors"": 9, ""model__p"": 2, ""model__weights"": ""distance"", ""selector__k"": 20}"
knn,2,1,0.5416666666666667,0.7722222222222223,0.6666666666666667,0.8333333333333334,0.5,0.8333333333333334,0.8611111111111112,"{""model__n_neighbors"": 7, ""model__p"": 1, ""model__weights"": ""distance"", ""selector__k"": 10}"
knn,2,2,0.5833333333333334,0.7972222222222223,0.6666666666666667,0.8333333333333334,0.5,0.8333333333333334,0.736111111111111,"{""model__n_neighbors"": 5, ""model__p"": 1, ""model__weights"": ""distance"", ""selector__k"": 20}"
knn,2,3,0.375,0.6968253968253969,0.4166666666666667,0.8333333333333334,0.0,0.7692307692307693,0.7222222222222223,"{""model__n_neighbors"": 9, ""model__p"": 1, ""model__weights"": ""distance"", ""selector__k"": 20}"
knn,2,4,0.8333333333333334,0.9583333333333333,0.9166666666666667,0.8333333333333334,1.0,0.9090909090909091,0.5277777777777778,"{""model__n_neighbors"": 3, ""model__p"": 1, ""model__weights"": ""uniform"", ""selector__k"": 10}"
knn,3,1,0.625,0.7972222222222223,0.6666666666666667,0.8333333333333334,0.5,0.8333333333333334,0.5972222222222222,"{""model__n_neighbors"": 3, ""model__p"": 1, ""model__weights"": ""uniform"", ""selector__k"": 20}"
knn,3,2,0.20833333333333331,0.6666666666666666,0.3333333333333333,0.6666666666666666,0.0,0.6666666666666666,0.736111111111111,"{""model__n_neighbors"": 9, ""model__p"": 2, ""model__weights"": ""uniform"", ""selector__k"": 20}"
knn,3,3,0.16666666666666666,0.6218253968253967,0.5,1.0,0.0,0.8571428571428571,0.8333333333333334,"{""model__n_neighbors"": 5, ""model__p"": 2, ""model__weights"": ""distance"", ""selector__k"": 10}"
knn,3,4,0.8333333333333334,0.9583333333333334,0.4166666666666667,0.8333333333333334,0.0,0.7692307692307693,0.7083333333333334,"{""model__n_neighbors"": 9, ""model__p"": 2, ""model__weights"": ""uniform"", ""selector__k"": 5}"
knn,4,1,0.5,0.7833333333333333,0.3333333333333333,0.6666666666666666,0.0,0.6666666666666666,0.4444444444444445,"{""model__n_neighbors"": 3, ""model__p"": 1, ""model__weights"": ""uniform"", ""selector__k"": 20}"
knn,4,2,0.5833333333333333,0.8773809523809524,0.3333333333333333,0.6666666666666666,0.0,0.6666666666666666,0.625,"{""model__n_neighbors"": 5, ""model__p"": 2, ""model__weights"": ""distance"", ""selector__k"": 20}"
knn,4,3,0.5833333333333334,0.8555555555555556,0.5,1.0,0.0,0.8571428571428571,0.7222222222222223,"{""model__n_neighbors"": 7, ""model__p"": 1, ""model__weights"": ""distance"", ""selector__k"": 20}"
knn,4,4,0.6666666666666666,0.8833333333333333,0.5833333333333333,0.6666666666666666,0.5,0.7272727272727273,0.75,"{""model__n_neighbors"": 9, ""model__p"": 2, ""model__weights"": ""uniform"", ""selector__k"": 10}"
knn,5,1,0.75,0.9305555555555556,0.4166666666666667,0.8333333333333334,0.0,0.7692307692307693,0.5555555555555555,"{""model__n_neighbors"": 5, ""model__p"": 2, ""model__weights"": ""distance"", ""selector__k"": 5}"
knn,5,2,0.5,0.7773809523809524,0.4166666666666667,0.8333333333333334,0.0,0.7692307692307693,0.6666666666666666,"{""model__n_neighbors"": 9, ""model__p"": 1, ""model__weights"": ""uniform"", ""selector__k"": 10}"
knn,5,3,0.08333333333333333,0.6388888888888888,0.3333333333333333,0.6666666666666666,0.0,0.6666666666666666,0.75,"{""model__n_neighbors"": 3, ""model__p"": 2, ""model__weights"": ""uniform"", ""selector__k"": 20}"
knn,5,4,0.041666666666666664,0.6805555555555556,0.5,1.0,0.0,0.8571428571428571,0.611111111111111,"{""model__n_neighbors"": 5, ""model__p"": 1, ""model__weights"": ""uniform"", ""selector__k"": 20}"
xgboost,1,1,0.25,0.732936507936508,0.41666666666666663,0.3333333333333333,0.5,0.4444444444444444,0.7777777777777777,"{""model__learning_rate"": 0.03, ""model__max_depth"": 1, ""model__min_child_weight"": 1, ""model__n_estimators"": 100, ""selector__k"": ""all""}"
xgboost,1,2,0.625,0.8555555555555555,0.5,0.5,0.5,0.6,0.5972222222222222,"{""model__learning_rate"": 0.03, ""model__max_depth"": 1, ""model__min_child_weight"": 1, ""model__n_estimators"": 100, ""selector__k"": 20}"
xgboost,1,3,0.5833333333333333,0.7833333333333333,0.5833333333333333,0.6666666666666666,0.5,0.7272727272727273,0.5,"{""model__learning_rate"": 0.03, ""model__max_depth"": 1, ""model__min_child_weight"": 3, ""model__n_estimators"": 100, ""selector__k"": 10}"
xgboost,1,4,0.3333333333333333,0.7579365079365079,0.25,0.5,0.0,0.5454545454545454,0.75,"{""model__learning_rate"": 0.03, ""model__max_depth"": 1, ""model__min_child_weight"": 1, ""model__n_estimators"": 300, ""selector__k"": ""all""}"
xgboost,2,1,0.5,0.8,0.6666666666666667,0.8333333333333334,0.5,0.8333333333333334,0.6944444444444443,"{""model__learning_rate"": 0.03, ""model__max_depth"": 1, ""model__min_child_weight"": 1, ""model__n_estimators"": 300, ""selector__k"": 20}"
xgboost,2,2,0.75,0.9305555555555556,0.6666666666666667,0.8333333333333334,0.5,0.8333333333333334,0.6666666666666666,"{""model__learning_rate"": 0.03, ""model__max_depth"": 1, ""model__min_child_weight"": 1, ""model__n_estimators"": 300, ""selector__k"": 10}"
xgboost,2,3,0.3333333333333333,0.7579365079365079,0.3333333333333333,0.6666666666666666,0.0,0.6666666666666666,0.8055555555555557,"{""model__learning_rate"": 0.03, ""model__max_depth"": 1, ""model__min_child_weight"": 1, ""model__n_estimators"": 100, ""selector__k"": 10}"
xgboost,2,4,0.5833333333333334,0.7916666666666666,0.5833333333333334,0.16666666666666666,1.0,0.2857142857142857,0.5,"{""model__learning_rate"": 0.03, ""model__max_depth"": 1, ""model__min_child_weight"": 3, ""model__n_estimators"": 100, ""selector__k"": 10}"
xgboost,3,1,0.5,0.7345238095238095,0.5,1.0,0.0,0.8571428571428571,0.5555555555555556,"{""model__learning_rate"": 0.03, ""model__max_depth"": 1, ""model__min_child_weight"": 1, ""model__n_estimators"": 300, ""selector__k"": 20}"
xgboost,3,2,0.0,0.6297619047619047,0.16666666666666666,0.3333333333333333,0.0,0.4,0.5972222222222222,"{""model__learning_rate"": 0.03, ""model__max_depth"": 1, ""model__min_child_weight"": 1, ""model__n_estimators"": 100, ""selector__k"": 20}"
xgboost,3,3,0.25,0.7043650793650793,0.4166666666666667,0.8333333333333334,0.0,0.7692307692307693,0.75,"{""model__learning_rate"": 0.03, ""model__max_depth"": 1, ""model__min_child_weight"": 1, ""model__n_estimators"": 100, ""selector__k"": 10}"
xgboost,3,4,0.6666666666666666,0.9107142857142857,0.8333333333333333,0.6666666666666666,1.0,0.8,0.75,"{""model__learning_rate"": 0.1, ""model__max_depth"": 1, ""model__min_child_weight"": 1, ""model__n_estimators"": 100, ""selector__k"": ""all""}"
xgboost,4,1,0.45833333333333337,0.7166666666666667,0.4166666666666667,0.8333333333333334,0.0,0.7692307692307693,0.5277777777777778,"{""model__learning_rate"": 0.03, ""model__max_depth"": 1, ""model__min_child_weight"": 1, ""model__n_estimators"": 300, ""selector__k"": 10}"
xgboost,4,2,0.8333333333333333,0.9484126984126984,0.6666666666666667,0.8333333333333334,0.5,0.8333333333333334,0.5555555555555556,"{""model__learning_rate"": 0.03, ""model__max_depth"": 2, ""model__min_child_weight"": 1, ""model__n_estimators"": 100, ""selector__k"": ""all""}"
xgboost,4,3,0.6666666666666667,0.8972222222222223,0.5833333333333333,0.6666666666666666,0.5,0.7272727272727273,0.6111111111111112,"{""model__learning_rate"": 0.03, ""model__max_depth"": 1, ""model__min_child_weight"": 1, ""model__n_estimators"": 300, ""selector__k"": 10}"
xgboost,4,4,0.5833333333333333,0.8773809523809524,0.5,0.5,0.5,0.6,0.6527777777777778,"{""model__learning_rate"": 0.03, ""model__max_depth"": 1, ""model__min_child_weight"": 1, ""model__n_estimators"": 300, ""selector__k"": 10}"
xgboost,5,1,0.5833333333333334,0.8178571428571428,0.5833333333333333,0.6666666666666666,0.5,0.7272727272727273,0.6111111111111112,"{""model__learning_rate"": 0.1, ""model__max_depth"": 2, ""model__min_child_weight"": 1, ""model__n_estimators"": 100, ""selector__k"": ""all""}"
xgboost,5,2,0.41666666666666663,0.7246031746031746,0.3333333333333333,0.6666666666666666,0.0,0.6666666666666666,0.638888888888889,"{""model__learning_rate"": 0.03, ""model__max_depth"": 1, ""model__min_child_weight"": 1, ""model__n_estimators"": 300, ""selector__k"": 20}"
xgboost,5,3,0.041666666666666664,0.6019841269841271,0.25,0.5,0.0,0.5454545454545454,0.75,"{""model__learning_rate"": 0.03, ""model__max_depth"": 1, ""model__min_child_weight"": 1, ""model__n_estimators"": 100, ""selector__k"": 20}"
xgboost,5,4,0.5833333333333333,0.8773809523809524,0.5,1.0,0.0,0.8571428571428571,0.6944444444444445,"{""model__learning_rate"": 0.03, ""model__max_depth"": 1, ""model__min_child_weight"": 1, ""model__n_estimators"": 300, ""selector__k"": ""all""}"
