group,condition,feature_family,measure,band,spatial_level,n_values,n_missing,missing_fraction
hc,CE,complexity,spectral_entropy,broadband,channel,3888,0,0.0
hc,CE,complexity,spectral_entropy,broadband,roi,864,0,0.0
hc,CE,psd,absolute_power,alpha,channel,3888,0,0.0
hc,CE,psd,absolute_power,alpha,roi,864,0,0.0
hc,CE,psd,absolute_power,beta,channel,3888,0,0.0
hc,CE,psd,absolute_power,beta,roi,864,0,0.0
hc,CE,psd,absolute_power,delta,channel,3888,0,0.0
hc,CE,psd,absolute_power,delta,roi,864,0,0.0
hc,CE,psd,absolute_power,gamma,channel,3888,0,0.0
hc,CE,psd,absolute_power,gamma,roi,864,0,0.0
hc,CE,psd,absolute_power,theta,channel,3888,0,0.0
hc,CE,psd,absolute_power,theta,roi,864,0,0.0
hc,CE,psd,relative_power,alpha,channel,3888,0,0.0
hc,CE,psd,relative_power,alpha,roi,864,0,0.0
hc,CE,psd,relative_power,beta,channel,3888,0,0.0
hc,CE,psd,relative_power,beta,roi,864,0,0.0
hc,CE,psd,relative_power,delta,channel,3888,0,0.0
hc,CE,psd,relative_power,delta,roi,864,0,0.0
hc,CE,psd,relative_power,gamma,channel,3888,0,0.0
hc,CE,psd,relative_power,gamma,roi,864,0,0.0
hc,CE,psd,relative_power,theta,channel,3888,0,0.0
hc,CE,psd,relative_power,theta,roi,864,0,0.0
hc,OE,complexity,spectral_entropy,broadband,channel,3888,0,0.0
hc,OE,complexity,spectral_entropy,broadband,roi,864,0,0.0
hc,OE,psd,absolute_power,alpha,channel,3888,0,0.0
hc,OE,psd,absolute_power,alpha,roi,864,0,0.0
hc,OE,psd,absolute_power,beta,channel,3888,0,0.0
hc,OE,psd,absolute_power,beta,roi,864,0,0.0
hc,OE,psd,absolute_power,delta,channel,3888,0,0.0
hc,OE,psd,absolute_power,delta,roi,864,0,0.0
hc,OE,psd,absolute_power,gamma,channel,3888,0,0.0
hc,OE,psd,absolute_power,gamma,roi,864,0,0.0
hc,OE,psd,absolute_power,theta,channel,3888,0,0.0
hc,OE,psd,absolute_power,theta,roi,864,0,0.0
hc,OE,psd,relative_power,alpha,channel,3888,0,0.0
hc,OE,psd,relative_power,alpha,roi,864,0,0.0
hc,OE,psd,relative_power,beta,channel,3888,0,0.0
hc,OE,psd,relative_power,beta,roi,864,0,0.0
hc,OE,psd,relative_power,delta,channel,3888,0,0.0
hc,OE,psd,relative_power,delta,roi,864,0,0.0
hc,OE,psd,relative_power,gamma,channel,3888,0,0.0
hc,OE,psd,relative_power,gamma,roi,864,0,0.0
hc,OE,psd,relative_power,theta,channel,3888,0,0.0
hc,OE,psd,relative_power,theta,roi,864,0,0.0
ms,CE,complexity,spectral_entropy,broadband,channel,11664,0,0.0
ms,CE,complexity,spectral_entropy,broadband,roi,2592,0,0.0
ms,CE,psd,absolute_power,alpha,channel,11664,0,0.0
ms,CE,psd,absolute_power,alpha,roi,2592,0,0.0
ms,CE,psd,absolute_power,beta,channel,11664,0,0.0
ms,CE,psd,absolute_power,beta,roi,2592,0,0.0
ms,CE,psd,absolute_power,delta,channel,11664,0,0.0
ms,CE,psd,absolute_power,delta,roi,2592,0,0.0
ms,CE,psd,absolute_power,gamma,channel,11664,0,0.0
ms,CE,psd,absolute_power,gamma,roi,2592,0,0.0
ms,CE,psd,absolute_power,theta,channel,11664,0,0.0
ms,CE,psd,absolute_power,theta,roi,2592,0,0.0
ms,CE,psd,relative_power,alpha,channel,11664,0,0.0
ms,CE,psd,relative_power,alpha,roi,2592,0,0.0
ms,CE,psd,relative_power,beta,channel,11664,0,0.0
ms,CE,psd,relative_power,beta,roi,2592,0,0.0
ms,CE,psd,relative_power,delta,channel,11664,0,0.0
ms,CE,psd,relative_power,delta,roi,2592,0,0.0
ms,CE,psd,relative_power,gamma,channel,11664,0,0.0
ms,CE,psd,relative_power,gamma,roi,2592,0,0.0
ms,CE,psd,relative_power,theta,channel,11664,0,0.0
ms,CE,psd,relative_power,theta,roi,2592,0,0.0
ms,OE,complexity,spectral_entropy,broadband,channel,11664,0,0.0
ms,OE,complexity,spectral_entropy,broadband,roi,2592,0,0.0
ms,OE,psd,absolute_power,alpha,channel,11664,0,0.0
ms,OE,psd,absolute_power,alpha,roi,2592,0,0.0
ms,OE,psd,absolute_power,beta,channel,11664,0,0.0
ms,OE,psd,absolute_power,beta,roi,2592,0,0.0
ms,OE,psd,absolute_power,delta,channel,11664,0,0.0
ms,OE,psd,absolute_power,delta,roi,2592,0,0.0
ms,OE,psd,absolute_power,gamma,channel,11664,0,0.0
ms,OE,psd,absolute_power,gamma,roi,2592,0,0.0
ms,OE,psd,absolute_power,theta,channel,11664,0,0.0
ms,OE,psd,absolute_power,theta,roi,2592,0,0.0
ms,OE,psd,relative_power,alpha,channel,11664,0,0.0
ms,OE,psd,relative_power,alpha,roi,2592,0,0.0
ms,OE,psd,relative_power,beta,channel,11664,0,0.0
ms,OE,psd,relative_power,beta,roi,2592,0,0.0
ms,OE,psd,relative_power,delta,channel,11664,0,0.0
ms,OE,psd,relative_power,delta,roi,2592,0,0.0
ms,OE,psd,relative_power,gamma,channel,11664,0,0.0
ms,OE,psd,relative_power,gamma,roi,2592,0,0.0
ms,OE,psd,relative_power,theta,channel,11664,0,0.0
ms,OE,psd,relative_power,theta,roi,2592,0,0.0
