feature_name,absolute_power__alpha__R1,absolute_power__alpha__R2,absolute_power__alpha__R3,absolute_power__alpha__R4,absolute_power__alpha__R5,absolute_power__alpha__R6,absolute_power__beta__R1,absolute_power__beta__R2,absolute_power__beta__R3,absolute_power__beta__R4,absolute_power__beta__R5,absolute_power__beta__R6,absolute_power__delta__R1,absolute_power__delta__R2,absolute_power__delta__R3,absolute_power__delta__R4,absolute_power__delta__R5,absolute_power__delta__R6,absolute_power__gamma__R1,absolute_power__gamma__R2,absolute_power__gamma__R3,absolute_power__gamma__R4,absolute_power__gamma__R5,absolute_power__gamma__R6,absolute_power__theta__R1,absolute_power__theta__R2,absolute_power__theta__R3,absolute_power__theta__R4,absolute_power__theta__R5,absolute_power__theta__R6,relative_power__alpha__R1,relative_power__alpha__R2,relative_power__alpha__R3,relative_power__alpha__R4,relative_power__alpha__R5,relative_power__alpha__R6,relative_power__beta__R1,relative_power__beta__R2,relative_power__beta__R3,relative_power__beta__R4,relative_power__beta__R5,relative_power__beta__R6,relative_power__delta__R1,relative_power__delta__R2,relative_power__delta__R3,relative_power__delta__R4,relative_power__delta__R5,relative_power__delta__R6,relative_power__gamma__R1,relative_power__gamma__R2,relative_power__gamma__R3,relative_power__gamma__R4,relative_power__gamma__R5,relative_power__gamma__R6,relative_power__theta__R1,relative_power__theta__R2,relative_power__theta__R3,relative_power__theta__R4,relative_power__theta__R5,relative_power__theta__R6,spectral_entropy__broadband__R1,spectral_entropy__broadband__R2,spectral_entropy__broadband__R3,spectral_entropy__broadband__R4,spectral_entropy__broadband__R5,spectral_entropy__broadband__R6
absolute_power__alpha__R1,1.0,0.9468475073313783,0.8618035190615836,0.8357771260997068,0.717741935483871,0.6821847507331378,0.7276392961876833,0.7382697947214076,0.7408357771260997,0.7313049853372434,0.7375366568914956,0.8240469208211144,0.499633431085044,0.4747067448680352,0.5524193548387096,0.5612170087976539,0.5868768328445748,0.5579178885630498,0.5194281524926686,0.5073313782991202,0.44831378299120234,0.5392228739002932,0.4343841642228739,0.6224340175953079,0.6733870967741935,0.5997067448680352,0.6429618768328446,0.625733137829912,0.6682551319648093,0.6620234604105572,0.08980938416422288,0.045454545454545456,0.2151759530791789,0.2089442815249267,0.2928885630498534,0.249633431085044,0.016129032258064516,0.026759530791788857,-0.16495601173020527,-0.20454545454545456,-0.4244868035190616,-0.34494134897360706,-0.056818181818181816,-0.06598240469208211,-0.1184017595307918,-0.12866568914956011,-0.15139296187683285,-0.1748533724340176,-0.14552785923753667,-0.05168621700879766,-0.2958211143695015,-0.20967741935483872,-0.49156891495601174,-0.35080645161290325,-0.22360703812316715,-0.17045454545454544,-0.16678885630498533,-0.24230205278592376,-0.14919354838709678,-0.12756598240469208,-0.19134897360703812,-0.13929618768328444,-0.4090909090909091,-0.32074780058651026,-0.4783724340175953,-0.43914956011730205
absolute_power__alpha__R2,0.9468475073313783,1.0,0.844208211143695,0.8673020527859238,0.6986803519061584,0.6869501466275659,0.6763196480938416,0.7697947214076246,0.7478005865102639,0.7521994134897361,0.7445014662756598,0.8064516129032258,0.4351173020527859,0.4739736070381232,0.5084310850439883,0.533357771260997,0.5227272727272727,0.5135630498533724,0.44171554252199413,0.4703079178885631,0.3966275659824047,0.46444281524926684,0.3453079178885631,0.5469208211143695,0.6165689149560117,0.6191348973607038,0.6110703812316716,0.6070381231671554,0.623533724340176,0.625733137829912,0.14002932551319647,0.11436950146627566,0.24303519061583578,0.26759530791788855,0.30168621700879766,0.2756598240469208,0.00036656891495601173,-0.022727272727272728,-0.12976539589442815,-0.21444281524926687,-0.37939882697947214,-0.3258797653958944,-0.0967741935483871,-0.1030058651026393,-0.15102639296187684,-0.1631231671554252,-0.18804985337243402,-0.21627565982404692,-0.23900293255131966,-0.12903225806451613,-0.3225806451612903,-0.2939882697947214,-0.531891495601173,-0.39882697947214074,-0.1939149560117302,-0.13563049853372433,-0.12573313782991202,-0.21810850439882698,-0.1217008797653959,-0.13599706744868034,-0.27785923753665687,-0.2155425219941349,-0.4010263929618768,-0.3724340175953079,-0.49560117302052786,-0.4501466275659824
absolute_power__alpha__R3,0.8618035190615836,0.844208211143695,1.0,0.9534457478005866,0.9288856304985337,0.8845307917888563,0.593108504398827,0.5883431085043989,0.6290322580645161,0.6132697947214076,0.7628299120234604,0.8152492668621701,0.4032258064516129,0.3581378299120235,0.4842375366568915,0.4776392961876833,0.5410557184750733,0.5102639296187683,0.3280791788856305,0.28189149560117305,0.2756598240469208,0.3519061583577713,0.2694281524926686,0.4189882697947214,0.5890762463343109,0.5282258064516129,0.6840175953079178,0.6403958944281525,0.780791788856305,0.7895894428152492,0.17192082111436952,0.16165689149560117,0.38306451612903225,0.37719941348973607,0.5212609970674487,0.4567448680351906,-0.020527859237536656,-0.01906158357771261,-0.27052785923753664,-0.3280791788856305,-0.591275659824047,-0.4967008797653959,-0.15139296187683285,-0.16752199413489735,-0.23240469208211142,-0.2631964809384164,-0.3163489736070381,-0.3313782991202346,-0.3552052785923754,-0.311950146627566,-0.5175953079178885,-0.4633431085043988,-0.7914222873900293,-0.6495601173020528,-0.04838709677419355,-0.015395894428152493,-0.07404692082111437,-0.1345307917888563,-0.15762463343108504,-0.11766862170087977,-0.3812316715542522,-0.31158357771260997,-0.6121700879765396,-0.5637829912023461,-0.7903225806451613,-0.7126099706744868
absolute_power__alpha__R4,0.8357771260997068,0.8673020527859238,0.9534457478005866,1.0,0.9189882697947214,0.9153225806451613,0.5428885630498533,0.5788123167155426,0.6132697947214076,0.6279325513196481,0.7532991202346041,0.8097507331378299,0.2903225806451613,0.2870234604105572,0.3812316715542522,0.3999266862170088,0.4274193548387097,0.42631964809384165,0.2730938416422287,0.250366568914956,0.24890029325513197,0.3101173020527859,0.19794721407624633,0.3680351906158358,0.4941348973607038,0.46224340175953077,0.5758797653958945,0.5678152492668622,0.6847507331378299,0.7063782991202346,0.2620967741935484,0.27052785923753664,0.4468475073313783,0.49523460410557185,0.5799120234604106,0.5582844574780058,0.09017595307917889,0.06744868035190615,-0.1187683284457478,-0.23900293255131966,-0.47214076246334313,-0.4406158357771261,-0.24633431085043989,-0.2723607038123167,-0.33321114369501464,-0.3647360703812317,-0.4116568914956012,-0.45161290322580644,-0.38306451612903225,-0.31708211143695014,-0.4571114369501466,-0.4842375366568915,-0.7723607038123167,-0.6843841642228738,-0.1092375366568915,-0.09310850439882698,-0.12096774193548387,-0.20454545454545456,-0.20454545454545456,-0.21151026392961877,-0.33394428152492667,-0.2859237536656892,-0.4930351906158358,-0.5395894428152492,-0.748533724340176,-0.7247067448680352
absolute_power__alpha__R5,0.717741935483871,0.6986803519061584,0.9288856304985337,0.9189882697947214,1.0,0.9703079178885631,0.4281524926686217,0.4094574780058651,0.46847507331378296,0.4743401759530792,0.6968475073313783,0.7335043988269795,0.2287390029325513,0.1843841642228739,0.31341642228739003,0.312683284457478,0.3881964809384164,0.37646627565982405,0.20417888563049855,0.13929618768328444,0.16532258064516128,0.24816715542521994,0.20491202346041057,0.29802052785923755,0.3980938416422287,0.32734604105571846,0.5219941348973607,0.4802052785923754,0.6774193548387096,0.6898826979472141,0.313049853372434,0.3214809384164223,0.533724340175953,0.5417888563049853,0.7129765395894428,0.6708211143695014,0.05461876832844575,0.02932551319648094,-0.19904692082111436,-0.2928885630498534,-0.5593841642228738,-0.5289589442815249,-0.28848973607038125,-0.28225806451612906,-0.35740469208211145,-0.38343108504398826,-0.4838709677419355,-0.501099706744868,-0.3251466275659824,-0.3585043988269795,-0.4534457478005865,-0.46151026392961875,-0.7906891495601173,-0.751099706744868,-0.15579178885630499,-0.1158357771260997,-0.19134897360703812,-0.25439882697947214,-0.30498533724340177,-0.2844574780058651,-0.33064516129032256,-0.3031524926686217,-0.5208944281524927,-0.5604838709677419,-0.8064516129032258,-0.8119501466275659
absolute_power__alpha__R6,0.6821847507331378,0.6869501466275659,0.8845307917888563,0.9153225806451613,0.9703079178885631,1.0,0.38049853372434017,0.374266862170088,0.4244868035190616,0.4710410557184751,0.6869501466275659,0.7232404692082112,0.17631964809384165,0.1627565982404692,0.26429618768328444,0.2763929618768328,0.35703812316715544,0.36326979472140764,0.1748533724340176,0.11950146627565983,0.13673020527859236,0.22690615835777125,0.21151026392961877,0.27456011730205276,0.3519061583577713,0.2987536656891496,0.47580645161290325,0.4534457478005865,0.6506598240469208,0.6744868035190615,0.33724340175953077,0.3559384164222874,0.5395894428152492,0.5575513196480938,0.6990469208211144,0.6946480938416423,0.06928152492668621,0.030058651026392963,-0.16348973607038123,-0.2785923753665689,-0.5208944281524927,-0.5443548387096774,-0.31451612903225806,-0.3027859237536657,-0.37719941348973607,-0.4035923753665689,-0.49230205278592376,-0.531524926686217,-0.37060117302052786,-0.3870967741935484,-0.44538123167155425,-0.48203812316715544,-0.750366568914956,-0.782991202346041,-0.18804985337243402,-0.156524926686217,-0.21407624633431085,-0.2837243401759531,-0.3189149560117302,-0.32954545454545453,-0.35777126099706746,-0.3277126099706745,-0.4904692082111437,-0.5597507331378299,-0.7789589442815249,-0.8548387096774194
absolute_power__beta__R1,0.7276392961876833,0.6763196480938416,0.593108504398827,0.5428885630498533,0.4281524926686217,0.38049853372434017,1.0,0.9263196480938416,0.8819648093841642,0.8702346041055719,0.6502932551319648,0.7258064516129032,0.7247067448680352,0.6422287390029325,0.7291055718475073,0.7478005865102639,0.717741935483871,0.7008797653958945,0.8717008797653959,0.8141495601173021,0.8192815249266863,0.8522727272727273,0.7137096774193549,0.8570381231671554,0.7936217008797654,0.6979472140762464,0.6521260997067448,0.6392961876832844,0.5469208211143695,0.5557184750733137,-0.38013196480938416,-0.38269794721407624,-0.2631964809384164,-0.23350439882697946,-0.08651026392961877,-0.14186217008797655,-0.022727272727272728,0.02346041055718475,-0.16422287390029325,-0.19024926686217009,-0.36070381231671556,-0.2657624633431085,0.24523460410557185,0.23313782991202345,0.20821114369501467,0.2250733137829912,0.20234604105571846,0.18511730205278593,0.2401026392961877,0.250733137829912,0.01722873900293255,0.09494134897360704,-0.18365102639296188,0.0021994134897360706,-0.24926686217008798,-0.2250733137829912,-0.2694281524926686,-0.2965542521994135,-0.2793255131964809,-0.18804985337243402,-0.09310850439882698,-0.015029325513196481,-0.29765395894428154,-0.18181818181818182,-0.31158357771260997,-0.23020527859237536
absolute_power__beta__R2,0.7382697947214076,0.7697947214076246,0.5883431085043989,0.5788123167155426,0.4094574780058651,0.374266862170088,0.9263196480938416,1.0,0.9435483870967742,0.9380498533724341,0.7419354838709677,0.7701612903225806,0.6642228739002932,0.6451612903225806,0.6792521994134897,0.7012463343108505,0.6550586510263929,0.6444281524926686,0.7448680351906158,0.782624633431085,0.7532991202346041,0.7624633431085044,0.6297653958944281,0.7884897360703812,0.7723607038123167,0.7521994134897361,0.6686217008797654,0.6759530791788856,0.5300586510263929,0.5395894428152492,-0.2723607038123167,-0.2936217008797654,-0.1968475073313783,-0.15835777126099707,-0.07844574780058651,-0.11510263929618768,0.03519061583577713,0.07991202346041056,-0.026026392961876834,-0.07697947214076246,-0.2287390029325513,-0.14149560117302054,0.1528592375366569,0.1462609970674487,0.12023460410557185,0.14186217008797655,0.12280058651026393,0.10887096774193548,0.0905425219941349,0.20711143695014664,-0.03409090909090909,0.013196480938416423,-0.19794721407624633,-0.016495601173020527,-0.15579178885630499,-0.13416422287390029,-0.1594574780058651,-0.20674486803519063,-0.1781524926686217,-0.12866568914956011,-0.1312316715542522,-0.018328445747800588,-0.23973607038123168,-0.15102639296187684,-0.2401026392961877,-0.14809384164222875
absolute_power__beta__R3,0.7408357771260997,0.7478005865102639,0.6290322580645161,0.6132697947214076,0.46847507331378296,0.4244868035190616,0.8819648093841642,0.9435483870967742,1.0,0.9391495601173021,0.8185483870967742,0.8288123167155426,0.6151026392961877,0.5700146627565983,0.6513929618768328,0.6722873900293255,0.6543255131964809,0.6297653958944281,0.656524926686217,0.6755865102639296,0.6975806451612904,0.6986803519061584,0.5791788856304986,0.7294721407624634,0.7752932551319648,0.7397360703812317,0.7159090909090909,0.7269061583577713,0.592375366568915,0.591642228739003,-0.21920821114369501,-0.23790322580645162,-0.13269794721407624,-0.0971407624633431,-0.02749266862170088,-0.045087976539589444,0.039222873900293255,0.1000733137829912,0.0036656891495601175,-0.062316715542521994,-0.2401026392961877,-0.15029325513196481,0.08431085043988269,0.06854838709677419,0.04728739002932551,0.07771260997067449,0.053885630498533725,0.0344574780058651,-0.0469208211143695,0.09934017595307917,-0.11510263929618768,-0.08504398826979472,-0.27346041055718473,-0.13709677419354838,-0.11620234604105571,-0.060117302052785926,-0.1528592375366569,-0.16165689149560117,-0.20344574780058652,-0.13892961876832843,-0.16348973607038123,-0.06341642228739003,-0.29472140762463345,-0.2001466275659824,-0.2965542521994135,-0.21004398826979473
absolute_power__beta__R4,0.7313049853372434,0.7521994134897361,0.6132697947214076,0.6279325513196481,0.4743401759530792,0.4710410557184751,0.8702346041055719,0.9380498533724341,0.9391495601173021,1.0,0.8350439882697948,0.8570381231671554,0.5542521994134897,0.5179618768328446,0.5835777126099707,0.6206011730205279,0.6077712609970675,0.5975073313782991,0.6506598240469208,0.6777859237536656,0.657258064516129,0.7287390029325513,0.625733137829912,0.7569648093841642,0.7082111436950147,0.6785190615835777,0.6392961876832844,0.6814516129032258,0.5656158357771262,0.5901759530791789,-0.1462609970674487,-0.1594574780058651,-0.08064516129032258,-0.048020527859237536,0.017595307917888565,0.00843108504398827,0.12939882697947214,0.1660557184750733,0.06598240469208211,0.017595307917888565,-0.17008797653958943,-0.11107038123167155,0.0036656891495601175,-0.011363636363636364,-0.011363636363636364,-0.002565982404692082,-0.005498533724340176,-0.03519061583577713,-0.028958944281524925,0.08870967741935484,-0.1348973607038123,-0.07661290322580645,-0.22910557184750732,-0.13416422287390029,-0.15359237536656892,-0.13892961876832843,-0.1906158357771261,-0.22910557184750732,-0.22653958944281524,-0.17082111436950145,-0.17375366568914957,-0.0780791788856305,-0.2969208211143695,-0.1807184750733138,-0.2701612903225806,-0.23497067448680353
absolute_power__beta__R5,0.7375366568914956,0.7445014662756598,0.7628299120234604,0.7532991202346041,0.6968475073313783,0.6869501466275659,0.6502932551319648,0.7419354838709677,0.8185483870967742,0.8350439882697948,1.0,0.9516129032258065,0.3310117302052786,0.3020527859237537,0.40615835777126097,0.4237536656891496,0.4846041055718475,0.4563782991202346,0.3251466275659824,0.34494134897360706,0.3321114369501466,0.3966275659824047,0.43841642228739003,0.4659090909090909,0.5469208211143695,0.5263929618768328,0.6184017595307918,0.6370967741935484,0.6803519061583577,0.6961143695014663,0.1774193548387097,0.14736070381231672,0.2591642228739003,0.25109970674486803,0.2987536656891496,0.2899560117302053,0.23826979472140764,0.26099706744868034,0.0967741935483871,0.03812316715542522,-0.2005131964809384,-0.1217008797653959,-0.29545454545454547,-0.28885630498533726,-0.31451612903225806,-0.28519061583577715,-0.312316715542522,-0.31451612903225806,-0.31744868035190615,-0.21407624633431085,-0.4010263929618768,-0.39002932551319647,-0.4930351906158358,-0.4798387096774194,-0.04985337243401759,0.004032258064516129,-0.0967741935483871,-0.11473607038123167,-0.16458944281524926,-0.11473607038123167,-0.2829912023460411,-0.2093108504398827,-0.4215542521994135,-0.3588709677419355,-0.43841642228739003,-0.4340175953079179
absolute_power__beta__R6,0.8240469208211144,0.8064516129032258,0.8152492668621701,0.8097507331378299,0.7335043988269795,0.7232404692082112,0.7258064516129032,0.7701612903225806,0.8288123167155426,0.8570381231671554,0.9516129032258065,1.0,0.3881964809384164,0.3321114369501466,0.43328445747800587,0.45454545454545453,0.5135630498533724,0.48277126099706746,0.42265395894428154,0.4149560117302053,0.4083577712609971,0.49890029325513197,0.4783724340175953,0.5883431085043989,0.6066715542521994,0.5392228739002932,0.626466275659824,0.6411290322580645,0.6807184750733137,0.7155425219941349,0.14039589442815248,0.11473607038123167,0.2401026392961877,0.23936950146627567,0.31451612903225806,0.2899560117302053,0.22617302052785923,0.25733137829912023,0.06158357771260997,0.005865102639296188,-0.26796187683284456,-0.18951612903225806,-0.24633431085043989,-0.26136363636363635,-0.29178885630498536,-0.2690615835777126,-0.28189149560117305,-0.30168621700879766,-0.2624633431085044,-0.14442815249266863,-0.3387096774193548,-0.29472140762463345,-0.5062316715542522,-0.4340175953079179,-0.08101173020527859,-0.04728739002932551,-0.15579178885630499,-0.17192082111436952,-0.2280058651026393,-0.15249266862170088,-0.1975806451612903,-0.13049853372434017,-0.3980938416422287,-0.3156158357771261,-0.48277126099706746,-0.4596774193548387
absolute_power__delta__R1,0.499633431085044,0.4351173020527859,0.4032258064516129,0.2903225806451613,0.2287390029325513,0.17631964809384165,0.7247067448680352,0.6642228739002932,0.6151026392961877,0.5542521994134897,0.3310117302052786,0.3881964809384164,1.0,0.9431818181818182,0.9651759530791789,0.9534457478005866,0.9274193548387096,0.9186217008797654,0.7217741935483871,0.7096774193548387,0.7269061583577713,0.7379032258064516,0.7030791788856305,0.7565982404692082,0.9215542521994134,0.8907624633431085,0.8181818181818182,0.8046187683284457,0.6356304985337243,0.6070381231671554,-0.7137096774193549,-0.7280058651026393,-0.5799120234604106,-0.6070381231671554,-0.4083577712609971,-0.46114369501466274,-0.5344574780058651,-0.438049853372434,-0.5678152492668622,-0.5417888563049853,-0.6143695014662757,-0.5227272727272727,0.7129765395894428,0.7052785923753666,0.6752199413489736,0.6686217008797654,0.6268328445747801,0.6037390029325513,0.07734604105571848,0.156524926686217,-0.02346041055718475,0.03995601173020528,-0.12646627565982405,0.018328445747800588,0.030425219941348974,0.0714809384164223,0.07221407624633432,0.031158357771260997,0.04912023460410557,0.12133431085043989,-0.2936217008797654,-0.14002932551319647,-0.3951612903225806,-0.24230205278592376,-0.30755131964809385,-0.2151759530791789
absolute_power__delta__R2,0.4747067448680352,0.4739736070381232,0.3581378299120235,0.2870234604105572,0.1843841642228739,0.1627565982404692,0.6422287390029325,0.6451612903225806,0.5700146627565983,0.5179618768328446,0.3020527859237537,0.3321114369501466,0.9431818181818182,1.0,0.9556451612903226,0.9501466275659824,0.8995601173020528,0.9153225806451613,0.6403958944281525,0.7093108504398827,0.6755865102639296,0.6715542521994134,0.625,0.6836510263929618,0.8702346041055719,0.9149560117302052,0.7866568914956011,0.7752932551319648,0.6033724340175953,0.5703812316715543,-0.6895161290322581,-0.718108504398827,-0.5773460410557185,-0.5909090909090909,-0.4413489736070381,-0.4659090909090909,-0.6231671554252199,-0.5604838709677419,-0.5755131964809385,-0.6103372434017595,-0.5975073313782991,-0.5472873900293255,0.75,0.7543988269794721,0.7045454545454546,0.7045454545454546,0.6594574780058651,0.6341642228739003,0.01686217008797654,0.10740469208211144,-0.060117302052785926,-0.022727272727272728,-0.13599706744868034,-0.008064516129032258,0.013929618768328446,0.07441348973607038,0.11033724340175953,0.02932551319648094,0.1092375366568915,0.10850439882697947,-0.39589442815249265,-0.2221407624633431,-0.4039589442815249,-0.30718475073313783,-0.2928885630498534,-0.21700879765395895
absolute_power__delta__R3,0.5524193548387096,0.5084310850439883,0.4842375366568915,0.3812316715542522,0.31341642228739003,0.26429618768328444,0.7291055718475073,0.6792521994134897,0.6513929618768328,0.5835777126099707,0.40615835777126097,0.43328445747800587,0.9651759530791789,0.9556451612903226,1.0,0.9915689149560117,0.9640762463343109,0.966642228739003,0.6704545454545454,0.6792521994134897,0.6884164222873901,0.7100439882697948,0.6869501466275659,0.7291055718475073,0.9281524926686217,0.9255865102639296,0.8680351906158358,0.8522727272727273,0.7225073313782991,0.6825513196480938,-0.6495601173020528,-0.6711876832844574,-0.5084310850439883,-0.5267595307917888,-0.3585043988269795,-0.4002932551319648,-0.5769794721407625,-0.5029325513196481,-0.6114369501466276,-0.6231671554252199,-0.6671554252199413,-0.5890762463343109,0.6759530791788856,0.6697214076246334,0.6367302052785924,0.625733137829912,0.5832111436950147,0.5689149560117303,-0.019428152492668622,0.031158357771260997,-0.15395894428152493,-0.11033724340175953,-0.24303519061583578,-0.11620234604105571,0.00843108504398827,0.07514662756598241,0.08907624633431085,0.0186950146627566,0.06341642228739003,0.09897360703812316,-0.44208211143695014,-0.28115835777126097,-0.5194281524926686,-0.39956011730205276,-0.40652492668621704,-0.31378299120234604
absolute_power__delta__R4,0.5612170087976539,0.533357771260997,0.4776392961876833,0.3999266862170088,0.312683284457478,0.2763929618768328,0.7478005865102639,0.7012463343108505,0.6722873900293255,0.6206011730205279,0.4237536656891496,0.45454545454545453,0.9534457478005866,0.9501466275659824,0.9915689149560117,1.0,0.9512463343108505,0.966275659824047,0.6909824046920822,0.6979472140762464,0.7023460410557185,0.7327712609970675,0.6994134897360704,0.7423020527859238,0.9153225806451613,0.9208211143695014,0.841642228739003,0.841642228739003,0.7060117302052786,0.6667888563049853,-0.6323313782991202,-0.6407624633431085,-0.501099706744868,-0.5036656891495601,-0.3486070381231672,-0.37939882697947214,-0.5494868035190615,-0.4842375366568915,-0.5769794721407625,-0.6044721407624634,-0.6367302052785924,-0.5751466275659824,0.655791788856305,0.6455278592375366,0.625,0.6125366568914956,0.5703812316715543,0.5487536656891495,-0.015395894428152493,0.030425219941348974,-0.13306451612903225,-0.11400293255131964,-0.22947214076246333,-0.12866568914956011,-0.04655425219941349,0.02126099706744868,0.04398826979472141,-0.03372434017595308,0.02126099706744868,0.051319648093841645,-0.437316715542522,-0.2906891495601173,-0.49780058651026393,-0.39919354838709675,-0.38966275659824046,-0.3181818181818182
absolute_power__delta__R5,0.5868768328445748,0.5227272727272727,0.5410557184750733,0.4274193548387097,0.3881964809384164,0.35703812316715544,0.717741935483871,0.6550586510263929,0.6543255131964809,0.6077712609970675,0.4846041055718475,0.5135630498533724,0.9274193548387096,0.8995601173020528,0.9640762463343109,0.9512463343108505,1.0,0.9827712609970675,0.6191348973607038,0.6180351906158358,0.6462609970674487,0.6909824046920822,0.749266862170088,0.7536656891495601,0.9321847507331378,0.9046920821114369,0.8984604105571847,0.8955278592375366,0.8075513196480938,0.781891495601173,-0.5780791788856305,-0.6030058651026393,-0.43218475073313783,-0.4769061583577713,-0.30388563049853373,-0.34457478005865105,-0.5601173020527859,-0.48497067448680353,-0.624266862170088,-0.6184017595307918,-0.7085777126099707,-0.6400293255131965,0.5832111436950147,0.5890762463343109,0.5597507331378299,0.5513196480938416,0.5296920821114369,0.5098973607038123,-0.09640762463343108,-0.0406891495601173,-0.21004398826979473,-0.16055718475073313,-0.26392961876832843,-0.17302052785923755,0.011730205278592375,0.08907624633431085,0.06304985337243402,0.03995601173020528,0.05718475073313783,0.12390029325513197,-0.4912023460410557,-0.33394428152492667,-0.5872434017595308,-0.4340175953079179,-0.44904692082111436,-0.38892961876832843
absolute_power__delta__R6,0.5579178885630498,0.5135630498533724,0.5102639296187683,0.42631964809384165,0.37646627565982405,0.36326979472140764,0.7008797653958945,0.6444281524926686,0.6297653958944281,0.5975073313782991,0.4563782991202346,0.48277126099706746,0.9186217008797654,0.9153225806451613,0.966642228739003,0.966275659824047,0.9827712609970675,1.0,0.626099706744868,0.6290322580645161,0.6436950146627566,0.6957478005865103,0.7360703812316716,0.7294721407624634,0.9153225806451613,0.9035923753665689,0.875366568914956,0.8834310850439883,0.7870234604105572,0.7635630498533724,-0.592375366568915,-0.6022727272727273,-0.44574780058651026,-0.46847507331378296,-0.2972873900293255,-0.3225806451612903,-0.5634164222873901,-0.49523460410557185,-0.6220674486803519,-0.6411290322580645,-0.7049120234604106,-0.6656891495601173,0.6077712609970675,0.6165689149560117,0.5894428152492669,0.5773460410557185,0.5395894428152492,0.5124633431085044,-0.08431085043988269,-0.036290322580645164,-0.17925219941348974,-0.1623900293255132,-0.25806451612903225,-0.2089442815249267,-0.015395894428152493,0.04655425219941349,0.06158357771260997,-0.0007331378299120235,0.047653958944281524,0.08651026392961877,-0.48607038123167157,-0.3229472140762463,-0.5399560117302052,-0.43328445747800587,-0.4464809384164223,-0.4208211143695015
absolute_power__gamma__R1,0.5194281524926686,0.44171554252199413,0.3280791788856305,0.2730938416422287,0.20417888563049855,0.1748533724340176,0.8717008797653959,0.7448680351906158,0.656524926686217,0.6506598240469208,0.3251466275659824,0.42265395894428154,0.7217741935483871,0.6403958944281525,0.6704545454545454,0.6909824046920822,0.6191348973607038,0.626099706744868,1.0,0.9292521994134897,0.8925953079178885,0.9230205278592375,0.6869501466275659,0.8174486803519062,0.6763196480938416,0.5714809384164223,0.45527859237536655,0.43255131964809385,0.31414956011730205,0.3156158357771261,-0.5139296187683284,-0.49780058651026393,-0.38233137829912023,-0.3720674486803519,-0.16715542521994134,-0.2093108504398827,-0.15395894428152493,-0.10227272727272728,-0.27089442815249265,-0.2694281524926686,-0.3614369501466276,-0.3068181818181818,0.4252199413489736,0.4244868035190616,0.38599706744868034,0.4043255131964809,0.34457478005865105,0.31671554252199413,0.5590175953079178,0.5381231671554252,0.3555718475073314,0.43621700879765396,0.09090909090909091,0.23533724340175954,-0.374266862170088,-0.3614369501466276,-0.3614369501466276,-0.41312316715542524,-0.3350439882697947,-0.25549853372434017,0.15175953079178886,0.23423753665689148,-0.03409090909090909,0.06708211143695014,-0.1125366568914956,-0.08247800586510264
absolute_power__gamma__R2,0.5073313782991202,0.4703079178885631,0.28189149560117305,0.250366568914956,0.13929618768328444,0.11950146627565983,0.8141495601173021,0.782624633431085,0.6755865102639296,0.6777859237536656,0.34494134897360706,0.4149560117302053,0.7096774193548387,0.7093108504398827,0.6792521994134897,0.6979472140762464,0.6180351906158358,0.6290322580645161,0.9292521994134897,1.0,0.907991202346041,0.9219208211143695,0.6656891495601173,0.8101173020527859,0.6909824046920822,0.6444281524926686,0.4912023460410557,0.4780058651026393,0.3251466275659824,0.3258797653958944,-0.4776392961876833,-0.5036656891495601,-0.36950146627565983,-0.375366568914956,-0.2250733137829912,-0.250733137829912,-0.21480938416422288,-0.1348973607038123,-0.22250733137829912,-0.24450146627565983,-0.2961876832844575,-0.24303519061583578,0.4351173020527859,0.42925219941348974,0.3775659824046921,0.4002932551319648,0.375366568914956,0.34714076246334313,0.4864369501466276,0.5997067448680352,0.3563049853372434,0.4472140762463343,0.1433284457478006,0.2958211143695015,-0.2936217008797654,-0.2844574780058651,-0.26136363636363635,-0.3376099706744868,-0.2089442815249267,-0.17412023460410558,0.1000733137829912,0.2540322580645161,-0.02346041055718475,0.1059384164222874,-0.015762463343108504,0.026759530791788857
absolute_power__gamma__R3,0.44831378299120234,0.3966275659824047,0.2756598240469208,0.24890029325513197,0.16532258064516128,0.13673020527859236,0.8192815249266863,0.7532991202346041,0.6975806451612904,0.657258064516129,0.3321114369501466,0.4083577712609971,0.7269061583577713,0.6755865102639296,0.6884164222873901,0.7023460410557185,0.6462609970674487,0.6436950146627566,0.8925953079178885,0.907991202346041,1.0,0.9006598240469208,0.7371700879765396,0.8500733137829912,0.6913489736070382,0.6176686217008798,0.499633431085044,0.49816715542521994,0.31414956011730205,0.31378299120234604,-0.5201612903225806,-0.5194281524926686,-0.4116568914956012,-0.3852639296187683,-0.22910557184750732,-0.23826979472140764,-0.23277126099706744,-0.125,-0.19941348973607037,-0.2635630498533724,-0.3181818181818182,-0.2789589442815249,0.4468475073313783,0.42668621700879766,0.3720674486803519,0.41642228739002934,0.375733137829912,0.3280791788856305,0.4714076246334311,0.5502199413489736,0.43218475073313783,0.42631964809384165,0.17888563049853373,0.30425219941348974,-0.31451612903225806,-0.2958211143695015,-0.3581378299120235,-0.37609970674486803,-0.3313782991202346,-0.27126099706744866,0.1063049853372434,0.22653958944281524,-0.004032258064516129,0.06524926686217009,-0.026759530791788857,0.006231671554252199
absolute_power__gamma__R4,0.5392228739002932,0.46444281524926684,0.3519061583577713,0.3101173020527859,0.24816715542521994,0.22690615835777125,0.8522727272727273,0.7624633431085044,0.6986803519061584,0.7287390029325513,0.3966275659824047,0.49890029325513197,0.7379032258064516,0.6715542521994134,0.7100439882697948,0.7327712609970675,0.6909824046920822,0.6957478005865103,0.9230205278592375,0.9219208211143695,0.9006598240469208,1.0,0.7851906158357771,0.9035923753665689,0.7287390029325513,0.6396627565982405,0.5491202346041055,0.5483870967741935,0.41605571847507333,0.4219208211143695,-0.4662756598240469,-0.47617302052785926,-0.33980938416422285,-0.3552052785923754,-0.1748533724340176,-0.20454545454545456,-0.1942815249266862,-0.10740469208211144,-0.24413489736070382,-0.24743401759530792,-0.3530058651026393,-0.3218475073313783,0.38929618768328444,0.38269794721407624,0.35667155425219943,0.36730205278592376,0.3416422287390029,0.2994868035190616,0.4153225806451613,0.4937683284457478,0.29545454545454547,0.4112903225806452,0.11070381231671554,0.20417888563049855,-0.2936217008797654,-0.26392961876832843,-0.2785923753665689,-0.3456744868035191,-0.28152492668621704,-0.20711143695014664,0.07038123167155426,0.20454545454545456,-0.09640762463343108,0.08174486803519061,-0.09347507331378299,-0.0846774193548387
absolute_power__gamma__R5,0.4343841642228739,0.3453079178885631,0.2694281524926686,0.19794721407624633,0.20491202346041057,0.21151026392961877,0.7137096774193549,0.6297653958944281,0.5791788856304986,0.625733137829912,0.43841642228739003,0.4783724340175953,0.7030791788856305,0.625,0.6869501466275659,0.6994134897360704,0.749266862170088,0.7360703812316716,0.6869501466275659,0.6656891495601173,0.7371700879765396,0.7851906158357771,1.0,0.8889296187683284,0.6895161290322581,0.5953079178885631,0.5399560117302052,0.5857771260997068,0.5205278592375366,0.5212609970674487,-0.437316715542522,-0.4508797653958944,-0.40689149560117305,-0.4398826979472141,-0.30058651026392963,-0.31158357771260997,-0.23643695014662758,-0.14002932551319647,-0.25769794721407624,-0.23607038123167157,-0.32441348973607037,-0.3251466275659824,0.3390762463343108,0.3588709677419355,0.3497067448680352,0.38929618768328444,0.36656891495601174,0.3420087976539589,0.25146627565982405,0.27785923753665687,0.18585043988269795,0.2118768328445748,0.19281524926686217,0.1623900293255132,-0.21480938416422288,-0.1462609970674487,-0.2122434017595308,-0.19574780058651026,-0.16642228739002932,-0.07844574780058651,-0.12463343108504399,-0.009530791788856305,-0.1909824046920821,-0.045454545454545456,-0.018328445747800588,-0.09750733137829912
absolute_power__gamma__R6,0.6224340175953079,0.5469208211143695,0.4189882697947214,0.3680351906158358,0.29802052785923755,0.27456011730205276,0.8570381231671554,0.7884897360703812,0.7294721407624634,0.7569648093841642,0.4659090909090909,0.5883431085043989,0.7565982404692082,0.6836510263929618,0.7291055718475073,0.7423020527859238,0.7536656891495601,0.7294721407624634,0.8174486803519062,0.8101173020527859,0.8500733137829912,0.9035923753665689,0.8889296187683284,1.0,0.7741935483870968,0.6667888563049853,0.5876099706744868,0.6052052785923754,0.501099706744868,0.5062316715542522,-0.44208211143695014,-0.4670087976539589,-0.3625366568914956,-0.36950146627565983,-0.22104105571847507,-0.25733137829912023,-0.19978005865102638,-0.12426686217008798,-0.22947214076246333,-0.24743401759530792,-0.3680351906158358,-0.34750733137829914,0.36986803519061584,0.3555718475073314,0.3251466275659824,0.35447214076246336,0.3409090909090909,0.3035190615835777,0.2565982404692082,0.34494134897360706,0.17338709677419356,0.2569648093841642,0.06488269794721407,0.19941348973607037,-0.2562316715542522,-0.218475073313783,-0.26832844574780057,-0.2873900293255132,-0.23790322580645162,-0.16092375366568915,-0.06378299120234604,0.0469208211143695,-0.2089442815249267,-0.050953079178885634,-0.12463343108504399,-0.09494134897360704
absolute_power__theta__R1,0.6733870967741935,0.6165689149560117,0.5890762463343109,0.4941348973607038,0.3980938416422287,0.3519061583577713,0.7936217008797654,0.7723607038123167,0.7752932551319648,0.7082111436950147,0.5469208211143695,0.6066715542521994,0.9215542521994134,0.8702346041055719,0.9281524926686217,0.9153225806451613,0.9321847507331378,0.9153225806451613,0.6763196480938416,0.6909824046920822,0.6913489736070382,0.7287390029325513,0.6895161290322581,0.7741935483870968,1.0,0.9534457478005866,0.9303519061583577,0.9274193548387096,0.7855571847507331,0.781524926686217,-0.5590175953079178,-0.5879765395894428,-0.4112903225806452,-0.42998533724340177,-0.2631964809384164,-0.312316715542522,-0.40175953079178883,-0.29472140762463345,-0.4574780058651026,-0.44501466275659823,-0.5953079178885631,-0.4908357771260997,0.5212609970674487,0.5021994134897361,0.46884164222873903,0.4530791788856305,0.44538123167155425,0.4219208211143695,-0.06928152492668621,0.08577712609970674,-0.15212609970674487,-0.07368035190615836,-0.29545454545454547,-0.14772727272727273,0.11290322580645161,0.15029325513196481,0.12023460410557185,0.08577712609970674,0.056818181818181816,0.13709677419354838,-0.32661290322580644,-0.1466275659824047,-0.44904692082111436,-0.28079178885630496,-0.4153225806451613,-0.3163489736070381
absolute_power__theta__R2,0.5997067448680352,0.6191348973607038,0.5282258064516129,0.46224340175953077,0.32734604105571846,0.2987536656891496,0.6979472140762464,0.7521994134897361,0.7397360703812317,0.6785190615835777,0.5263929618768328,0.5392228739002932,0.8907624633431085,0.9149560117302052,0.9255865102639296,0.9208211143695014,0.9046920821114369,0.9035923753665689,0.5714809384164223,0.6444281524926686,0.6176686217008798,0.6396627565982405,0.5953079178885631,0.6667888563049853,0.9534457478005866,1.0,0.9215542521994134,0.9299853372434017,0.748533724340176,0.7397360703812317,-0.5505865102639296,-0.5813782991202346,-0.42631964809384165,-0.4402492668621701,-0.32331378299120234,-0.3548387096774194,-0.4802052785923754,-0.3980938416422287,-0.46444281524926684,-0.4871700879765396,-0.5546187683284457,-0.46444281524926684,0.5461876832844574,0.5344574780058651,0.5021994134897361,0.48570381231671556,0.48533724340175954,0.4607771260997067,-0.17338709677419356,0.00036656891495601173,-0.20857771260997068,-0.1660557184750733,-0.3031524926686217,-0.18548387096774194,0.1810850439882698,0.23936950146627567,0.2254398826979472,0.16495601173020527,0.14846041055718476,0.1810850439882698,-0.4318181818181818,-0.2401026392961877,-0.4640762463343108,-0.32734604105571846,-0.3881964809384164,-0.28482404692082114
absolute_power__theta__R3,0.6429618768328446,0.6110703812316716,0.6840175953079178,0.5758797653958945,0.5219941348973607,0.47580645161290325,0.6521260997067448,0.6686217008797654,0.7159090909090909,0.6392961876832844,0.6184017595307918,0.626466275659824,0.8181818181818182,0.7866568914956011,0.8680351906158358,0.841642228739003,0.8984604105571847,0.875366568914956,0.45527859237536655,0.4912023460410557,0.499633431085044,0.5491202346041055,0.5399560117302052,0.5876099706744868,0.9303519061583577,0.9215542521994134,1.0,0.9728739002932552,0.9006598240469208,0.8856304985337243,-0.40505865102639294,-0.44281524926686217,-0.2371700879765396,-0.28482404692082114,-0.13563049853372433,-0.18878299120234604,-0.44538123167155425,-0.3412756598240469,-0.5175953079178885,-0.5120967741935484,-0.6781524926686217,-0.5582844574780058,0.39259530791788855,0.3845307917888563,0.3467741935483871,0.32038123167155425,0.31414956011730205,0.3031524926686217,-0.3057184750733138,-0.11803519061583578,-0.3654692082111437,-0.2862903225806452,-0.4901026392961877,-0.374633431085044,0.27089442815249265,0.3288123167155425,0.28775659824046923,0.24743401759530792,0.19831378299120234,0.25733137829912023,-0.5186950146627566,-0.29178885630498536,-0.6202346041055719,-0.4277859237536657,-0.5773460410557185,-0.4666422287390029
absolute_power__theta__R4,0.625733137829912,0.6070381231671554,0.6403958944281525,0.5678152492668622,0.4802052785923754,0.4534457478005865,0.6392961876832844,0.6759530791788856,0.7269061583577713,0.6814516129032258,0.6370967741935484,0.6411290322580645,0.8046187683284457,0.7752932551319648,0.8522727272727273,0.841642228739003,0.8955278592375366,0.8834310850439883,0.43255131964809385,0.4780058651026393,0.49816715542521994,0.5483870967741935,0.5857771260997068,0.6052052785923754,0.9274193548387096,0.9299853372434017,0.9728739002932552,1.0,0.8881964809384164,0.8892961876832844,-0.3980938416422287,-0.4252199413489736,-0.2602639296187683,-0.2870234604105572,-0.1660557184750733,-0.19868035190615835,-0.39296187683284456,-0.28189149560117305,-0.43841642228739003,-0.438049853372434,-0.592008797653959,-0.4912023460410557,0.3658357771260997,0.3486070381231672,0.3262463343108504,0.29838709677419356,0.3060850439882698,0.28225806451612906,-0.32441348973607037,-0.1315982404692082,-0.33614369501466274,-0.3020527859237537,-0.4237536656891496,-0.35667155425219943,0.2760263929618768,0.3247800586510264,0.2785923753665689,0.2532991202346041,0.1942815249266862,0.2620967741935484,-0.4879032258064516,-0.27749266862170086,-0.5575513196480938,-0.39296187683284456,-0.5029325513196481,-0.4277859237536657
absolute_power__theta__R5,0.6682551319648093,0.623533724340176,0.780791788856305,0.6847507331378299,0.6774193548387096,0.6506598240469208,0.5469208211143695,0.5300586510263929,0.592375366568915,0.5656158357771262,0.6803519061583577,0.6807184750733137,0.6356304985337243,0.6033724340175953,0.7225073313782991,0.7060117302052786,0.8075513196480938,0.7870234604105572,0.31414956011730205,0.3251466275659824,0.31414956011730205,0.41605571847507333,0.5205278592375366,0.501099706744868,0.7855571847507331,0.748533724340176,0.9006598240469208,0.8881964809384164,1.0,0.9813049853372434,-0.17558651026392963,-0.19831378299120234,-0.005865102639296188,-0.06304985337243402,0.07734604105571848,0.024560117302052785,-0.3552052785923754,-0.28152492668621704,-0.5150293255131965,-0.5172287390029325,-0.7052785923753666,-0.6202346041055719,0.1843841642228739,0.1693548387096774,0.13673020527859236,0.1059384164222874,0.08870967741935484,0.0905425219941349,-0.3973607038123167,-0.24853372434017595,-0.47617302052785926,-0.4211876832844575,-0.5997067448680352,-0.5428885630498533,0.24450146627565983,0.30828445747800587,0.2785923753665689,0.23313782991202345,0.22763929618768328,0.28189149560117305,-0.594574780058651,-0.36693548387096775,-0.7034457478005866,-0.532624633431085,-0.6711876832844574,-0.6103372434017595
absolute_power__theta__R6,0.6620234604105572,0.625733137829912,0.7895894428152492,0.7063782991202346,0.6898826979472141,0.6744868035190615,0.5557184750733137,0.5395894428152492,0.591642228739003,0.5901759530791789,0.6961143695014663,0.7155425219941349,0.6070381231671554,0.5703812316715543,0.6825513196480938,0.6667888563049853,0.781891495601173,0.7635630498533724,0.3156158357771261,0.3258797653958944,0.31378299120234604,0.4219208211143695,0.5212609970674487,0.5062316715542522,0.781524926686217,0.7397360703812317,0.8856304985337243,0.8892961876832844,0.9813049853372434,1.0,-0.14809384164222875,-0.16642228739002932,0.025293255131964808,-0.02969208211143695,0.11803519061583578,0.062316715542521994,-0.29802052785923755,-0.22030791788856305,-0.4710410557184751,-0.4666422287390029,-0.6836510263929618,-0.592375366568915,0.12683284457478006,0.11290322580645161,0.07697947214076246,0.04398826979472141,0.045087976539589444,0.03519061583577713,-0.3903958944281525,-0.24266862170087977,-0.4593108504398827,-0.40249266862170086,-0.6044721407624634,-0.5502199413489736,0.28079178885630496,0.32661290322580644,0.2620967741935484,0.23423753665689148,0.19538123167155425,0.2716275659824047,-0.530791788856305,-0.3097507331378299,-0.6678885630498533,-0.4959677419354839,-0.6854838709677419,-0.6356304985337243
relative_power__alpha__R1,0.08980938416422288,0.14002932551319647,0.17192082111436952,0.2620967741935484,0.313049853372434,0.33724340175953077,-0.38013196480938416,-0.2723607038123167,-0.21920821114369501,-0.1462609970674487,0.1774193548387097,0.14039589442815248,-0.7137096774193549,-0.6895161290322581,-0.6495601173020528,-0.6323313782991202,-0.5780791788856305,-0.592375366568915,-0.5139296187683284,-0.4776392961876833,-0.5201612903225806,-0.4662756598240469,-0.437316715542522,-0.44208211143695014,-0.5590175953079178,-0.5505865102639296,-0.40505865102639294,-0.3980938416422287,-0.17558651026392963,-0.14809384164222875,1.0,0.9798387096774194,0.9391495601173021,0.9153225806451613,0.7478005865102639,0.7793255131964809,0.5183284457478006,0.4285190615835777,0.39956011730205276,0.37646627565982405,0.2936217008797654,0.26099706744868034,-0.9182551319648093,-0.9090909090909091,-0.9046920821114369,-0.9142228739002932,-0.8852639296187683,-0.8698680351906158,-0.2994868035190616,-0.31085043988269795,-0.21407624633431085,-0.2756598240469208,-0.21957478005865103,-0.36326979472140764,-0.16862170087976538,-0.1528592375366569,-0.17558651026392963,-0.19318181818181818,-0.11766862170087977,-0.17668621700879766,0.12316715542521994,0.0032991202346041057,0.07001466275659823,-0.023826979472140762,-0.04325513196480939,-0.1627565982404692
relative_power__alpha__R2,0.045454545454545456,0.11436950146627566,0.16165689149560117,0.27052785923753664,0.3214809384164223,0.3559384164222874,-0.38269794721407624,-0.2936217008797654,-0.23790322580645162,-0.1594574780058651,0.14736070381231672,0.11473607038123167,-0.7280058651026393,-0.718108504398827,-0.6711876832844574,-0.6407624633431085,-0.6030058651026393,-0.6022727272727273,-0.49780058651026393,-0.5036656891495601,-0.5194281524926686,-0.47617302052785926,-0.4508797653958944,-0.4670087976539589,-0.5879765395894428,-0.5813782991202346,-0.44281524926686217,-0.4252199413489736,-0.19831378299120234,-0.16642228739002932,0.9798387096774194,1.0,0.9296187683284457,0.9329178885630498,0.783357771260997,0.8152492668621701,0.5278592375366569,0.42338709677419356,0.39552785923753664,0.3581378299120235,0.2793255131964809,0.2280058651026393,-0.9112903225806451,-0.908357771260997,-0.8885630498533724,-0.905791788856305,-0.8999266862170088,-0.8903958944281525,-0.2760263929618768,-0.3280791788856305,-0.17045454545454544,-0.2763929618768328,-0.2283724340175953,-0.3951612903225806,-0.19611436950146627,-0.18511730205278593,-0.21334310850439883,-0.2280058651026393,-0.17155425219941348,-0.22287390029325513,0.14479472140762464,0.0018328445747800588,0.10960410557184751,-0.02969208211143695,-0.0718475073313783,-0.21041055718475074
relative_power__alpha__R3,0.2151759530791789,0.24303519061583578,0.38306451612903225,0.4468475073313783,0.533724340175953,0.5395894428152492,-0.2631964809384164,-0.1968475073313783,-0.13269794721407624,-0.08064516129032258,0.2591642228739003,0.2401026392961877,-0.5799120234604106,-0.5773460410557185,-0.5084310850439883,-0.501099706744868,-0.43218475073313783,-0.44574780058651026,-0.38233137829912023,-0.36950146627565983,-0.4116568914956012,-0.33980938416422285,-0.40689149560117305,-0.3625366568914956,-0.4112903225806452,-0.42631964809384165,-0.2371700879765396,-0.2602639296187683,-0.005865102639296188,0.025293255131964808,0.9391495601173021,0.9296187683284457,1.0,0.9637096774193549,0.8977272727272727,0.8966275659824047,0.4303519061583578,0.3522727272727273,0.23570381231671556,0.19868035190615835,0.053885630498533725,0.04398826979472141,-0.8467741935483871,-0.8405425219941349,-0.8643695014662757,-0.8929618768328446,-0.8944281524926686,-0.8867302052785924,-0.31671554252199413,-0.32111436950146627,-0.2602639296187683,-0.31121700879765396,-0.4116568914956012,-0.5120967741935484,-0.1744868035190616,-0.16385630498533724,-0.1939149560117302,-0.2470674486803519,-0.19171554252199413,-0.23570381231671556,0.06854838709677419,-0.019794721407624633,-0.056085043988269793,-0.13966275659824046,-0.27712609970674484,-0.36436950146627567
relative_power__alpha__R4,0.2089442815249267,0.26759530791788855,0.37719941348973607,0.49523460410557185,0.5417888563049853,0.5575513196480938,-0.23350439882697946,-0.15835777126099707,-0.0971407624633431,-0.048020527859237536,0.25109970674486803,0.23936950146627567,-0.6070381231671554,-0.5909090909090909,-0.5267595307917888,-0.5036656891495601,-0.4769061583577713,-0.46847507331378296,-0.3720674486803519,-0.375366568914956,-0.3852639296187683,-0.3552052785923754,-0.4398826979472141,-0.36950146627565983,-0.42998533724340177,-0.4402492668621701,-0.28482404692082114,-0.2870234604105572,-0.06304985337243402,-0.02969208211143695,0.9153225806451613,0.9329178885630498,0.9637096774193549,1.0,0.9149560117302052,0.9347507331378299,0.501099706744868,0.40652492668621704,0.3357771260997067,0.24560117302052786,0.1187683284457478,0.07771260997067449,-0.8390762463343109,-0.8500733137829912,-0.8724340175953079,-0.9028592375366569,-0.9292521994134897,-0.9296187683284457,-0.29142228739002934,-0.3343108504398827,-0.22727272727272727,-0.34310850439882695,-0.4351173020527859,-0.5293255131964809,-0.23093841642228738,-0.2404692082111437,-0.25439882697947214,-0.3152492668621701,-0.2752932551319648,-0.3420087976539589,0.08944281524926687,-0.03482404692082111,0.015762463343108504,-0.17228739002932553,-0.28848973607038125,-0.3848973607038123
relative_power__alpha__R5,0.2928885630498534,0.30168621700879766,0.5212609970674487,0.5799120234604106,0.7129765395894428,0.6990469208211144,-0.08651026392961877,-0.07844574780058651,-0.02749266862170088,0.017595307917888565,0.2987536656891496,0.31451612903225806,-0.4083577712609971,-0.4413489736070381,-0.3585043988269795,-0.3486070381231672,-0.30388563049853373,-0.2972873900293255,-0.16715542521994134,-0.2250733137829912,-0.22910557184750732,-0.1748533724340176,-0.30058651026392963,-0.22104105571847507,-0.2631964809384164,-0.32331378299120234,-0.13563049853372433,-0.1660557184750733,0.07734604105571848,0.11803519061583578,0.7478005865102639,0.783357771260997,0.8977272727272727,0.9149560117302052,1.0,0.969574780058651,0.40505865102639294,0.3321114369501466,0.17705278592375367,0.10227272727272728,-0.10483870967741936,-0.11290322580645161,-0.6869501466275659,-0.6807184750733137,-0.7309384164222874,-0.7686950146627566,-0.8658357771260997,-0.8654692082111437,-0.15799120234604105,-0.26099706744868034,-0.18951612903225806,-0.25219941348973607,-0.5282258064516129,-0.5766129032258065,-0.2595307917888563,-0.26466275659824046,-0.3277126099706745,-0.38673020527859236,-0.40542521994134895,-0.41642228739002934,0.11107038123167155,0.011363636363636364,-0.0469208211143695,-0.19318181818181818,-0.45197947214076245,-0.5300586510263929
relative_power__alpha__R6,0.249633431085044,0.2756598240469208,0.4567448680351906,0.5582844574780058,0.6708211143695014,0.6946480938416423,-0.14186217008797655,-0.11510263929618768,-0.045087976539589444,0.00843108504398827,0.2899560117302053,0.2899560117302053,-0.46114369501466274,-0.4659090909090909,-0.4002932551319648,-0.37939882697947214,-0.34457478005865105,-0.3225806451612903,-0.2093108504398827,-0.250733137829912,-0.23826979472140764,-0.20454545454545456,-0.31158357771260997,-0.25733137829912023,-0.312316715542522,-0.3548387096774194,-0.18878299120234604,-0.19868035190615835,0.024560117302052785,0.062316715542521994,0.7793255131964809,0.8152492668621701,0.8966275659824047,0.9347507331378299,0.969574780058651,1.0,0.4237536656891496,0.34274193548387094,0.24156891495601174,0.1345307917888563,-0.03152492668621701,-0.09347507331378299,-0.7151759530791789,-0.7056451612903226,-0.7613636363636364,-0.7855571847507331,-0.8801319648093842,-0.9028592375366569,-0.19281524926686217,-0.28775659824046923,-0.17118768328445746,-0.2756598240469208,-0.4666422287390029,-0.5956744868035191,-0.3251466275659824,-0.3350439882697947,-0.3852639296187683,-0.44574780058651026,-0.4501466275659824,-0.4959677419354839,0.10043988269794721,-0.010997067448680353,0.0018328445747800588,-0.19538123167155425,-0.3944281524926686,-0.5377565982404692
relative_power__beta__R1,0.016129032258064516,0.00036656891495601173,-0.020527859237536656,0.09017595307917889,0.05461876832844575,0.06928152492668621,-0.022727272727272728,0.03519061583577713,0.039222873900293255,0.12939882697947214,0.23826979472140764,0.22617302052785923,-0.5344574780058651,-0.6231671554252199,-0.5769794721407625,-0.5494868035190615,-0.5601173020527859,-0.5634164222873901,-0.15395894428152493,-0.21480938416422288,-0.23277126099706744,-0.1942815249266862,-0.23643695014662758,-0.19978005865102638,-0.40175953079178883,-0.4802052785923754,-0.44538123167155425,-0.39296187683284456,-0.3552052785923754,-0.29802052785923755,0.5183284457478006,0.5278592375366569,0.4303519061583578,0.501099706744868,0.40505865102639294,0.4237536656891496,1.0,0.9530791788856305,0.8654692082111437,0.8669354838709677,0.7129765395894428,0.6975806451612904,-0.7225073313782991,-0.7287390029325513,-0.6994134897360704,-0.6832844574780058,-0.657258064516129,-0.6477272727272727,0.06378299120234604,0.01063049853372434,0.021994134897360705,0.016495601173020527,0.04472140762463343,-0.0036656891495601175,-0.14002932551319647,-0.23570381231671556,-0.2587976539589443,-0.2250733137829912,-0.32368035190615835,-0.2862903225806452,0.48203812316715544,0.32001466275659823,0.41605571847507333,0.32661290322580644,0.2565982404692082,0.18951612903225806
relative_power__beta__R2,0.026759530791788857,-0.022727272727272728,-0.01906158357771261,0.06744868035190615,0.02932551319648094,0.030058651026392963,0.02346041055718475,0.07991202346041056,0.1000733137829912,0.1660557184750733,0.26099706744868034,0.25733137829912023,-0.438049853372434,-0.5604838709677419,-0.5029325513196481,-0.4842375366568915,-0.48497067448680353,-0.49523460410557185,-0.10227272727272728,-0.1348973607038123,-0.125,-0.10740469208211144,-0.14002932551319647,-0.12426686217008798,-0.29472140762463345,-0.3980938416422287,-0.3412756598240469,-0.28189149560117305,-0.28152492668621704,-0.22030791788856305,0.4285190615835777,0.42338709677419356,0.3522727272727273,0.40652492668621704,0.3321114369501466,0.34274193548387094,0.9530791788856305,1.0,0.8574046920821115,0.8892961876832844,0.6961143695014663,0.7261730205278593,-0.6590909090909091,-0.6774193548387096,-0.6528592375366569,-0.6301319648093842,-0.5887096774193549,-0.5876099706744868,0.09530791788856305,0.156158357771261,0.10850439882697947,0.11803519061583578,0.1063049853372434,0.0714809384164223,-0.025293255131964808,-0.13563049853372433,-0.17705278592375367,-0.12463343108504399,-0.2529325513196481,-0.17961876832844575,0.5436217008797654,0.4560117302052786,0.45491202346041054,0.4310850439882698,0.31451612903225806,0.2657624633431085
relative_power__beta__R3,-0.16495601173020527,-0.12976539589442815,-0.27052785923753664,-0.1187683284457478,-0.19904692082111436,-0.16348973607038123,-0.16422287390029325,-0.026026392961876834,0.0036656891495601175,0.06598240469208211,0.0967741935483871,0.06158357771260997,-0.5678152492668622,-0.5755131964809385,-0.6114369501466276,-0.5769794721407625,-0.624266862170088,-0.6220674486803519,-0.27089442815249265,-0.22250733137829912,-0.19941348973607037,-0.24413489736070382,-0.25769794721407624,-0.22947214076246333,-0.4574780058651026,-0.46444281524926684,-0.5175953079178885,-0.43841642228739003,-0.5150293255131965,-0.4710410557184751,0.39956011730205276,0.39552785923753664,0.23570381231671556,0.3357771260997067,0.17705278592375367,0.24156891495601174,0.8654692082111437,0.8574046920821115,1.0,0.9384164222873901,0.8962609970674487,0.841275659824047,-0.5736803519061584,-0.591275659824047,-0.5663489736070382,-0.5238269794721407,-0.4967008797653959,-0.5069648093841642,0.05168621700879766,0.10557184750733138,0.156158357771261,0.12939882697947214,0.2793255131964809,0.19941348973607037,-0.07404692082111437,-0.13856304985337242,-0.20454545454545456,-0.14186217008797655,-0.2782258064516129,-0.2925219941348974,0.49853372434017595,0.35703812316715544,0.5707478005865103,0.46957478005865105,0.5183284457478006,0.436950146627566
relative_power__beta__R4,-0.20454545454545456,-0.21444281524926687,-0.3280791788856305,-0.23900293255131966,-0.2928885630498534,-0.2785923753665689,-0.19024926686217009,-0.07697947214076246,-0.062316715542521994,0.017595307917888565,0.03812316715542522,0.005865102639296188,-0.5417888563049853,-0.6103372434017595,-0.6231671554252199,-0.6044721407624634,-0.6184017595307918,-0.6411290322580645,-0.2694281524926686,-0.24450146627565983,-0.2635630498533724,-0.24743401759530792,-0.23607038123167157,-0.24743401759530792,-0.44501466275659823,-0.4871700879765396,-0.5120967741935484,-0.438049853372434,-0.5172287390029325,-0.4666422287390029,0.37646627565982405,0.3581378299120235,0.19868035190615835,0.24560117302052786,0.10227272727272728,0.1345307917888563,0.8669354838709677,0.8892961876832844,0.9384164222873901,1.0,0.905791788856305,0.9090909090909091,-0.5703812316715543,-0.5795454545454546,-0.5201612903225806,-0.500733137829912,-0.4398826979472141,-0.42998533724340177,0.10153958944281524,0.1532258064516129,0.1462609970674487,0.19941348973607037,0.3456744868035191,0.2899560117302053,0.010263929618768328,-0.07111436950146628,-0.12243401759530792,-0.03189149560117302,-0.1689882697947214,-0.12060117302052786,0.5527859237536656,0.42008797653958946,0.5593841642228738,0.5637829912023461,0.5780791788856305,0.5201612903225806
relative_power__beta__R5,-0.4244868035190616,-0.37939882697947214,-0.591275659824047,-0.47214076246334313,-0.5593841642228738,-0.5208944281524927,-0.36070381231671556,-0.2287390029325513,-0.2401026392961877,-0.17008797653958943,-0.2005131964809384,-0.26796187683284456,-0.6143695014662757,-0.5975073313782991,-0.6671554252199413,-0.6367302052785924,-0.7085777126099707,-0.7049120234604106,-0.3614369501466276,-0.2961876832844575,-0.3181818181818182,-0.3530058651026393,-0.32441348973607037,-0.3680351906158358,-0.5953079178885631,-0.5546187683284457,-0.6781524926686217,-0.592008797653959,-0.7052785923753666,-0.6836510263929618,0.2936217008797654,0.2793255131964809,0.053885630498533725,0.1187683284457478,-0.10483870967741936,-0.03152492668621701,0.7129765395894428,0.6961143695014663,0.8962609970674487,0.905791788856305,1.0,0.9446480938416423,-0.4241202346041056,-0.43548387096774194,-0.37719941348973607,-0.3412756598240469,-0.27419354838709675,-0.2631964809384164,0.14772727272727273,0.1623900293255132,0.2401026392961877,0.23497067448680353,0.5392228739002932,0.4303519061583578,-0.020894428152492667,-0.08064516129032258,-0.08174486803519061,-0.019428152492668622,-0.09237536656891496,-0.1187683284457478,0.5032991202346041,0.3563049853372434,0.6469941348973607,0.5839442815249267,0.7672287390029325,0.6935483870967742
relative_power__beta__R6,-0.34494134897360706,-0.3258797653958944,-0.4967008797653959,-0.4406158357771261,-0.5289589442815249,-0.5443548387096774,-0.2657624633431085,-0.14149560117302054,-0.15029325513196481,-0.11107038123167155,-0.1217008797653959,-0.18951612903225806,-0.5227272727272727,-0.5472873900293255,-0.5890762463343109,-0.5751466275659824,-0.6400293255131965,-0.6656891495601173,-0.3068181818181818,-0.24303519061583578,-0.2789589442815249,-0.3218475073313783,-0.3251466275659824,-0.34750733137829914,-0.4908357771260997,-0.46444281524926684,-0.5582844574780058,-0.4912023460410557,-0.6202346041055719,-0.592375366568915,0.26099706744868034,0.2280058651026393,0.04398826979472141,0.07771260997067449,-0.11290322580645161,-0.09347507331378299,0.6975806451612904,0.7261730205278593,0.841275659824047,0.9090909090909091,0.9446480938416423,1.0,-0.40982404692082114,-0.42998533724340177,-0.37023460410557185,-0.3416422287390029,-0.2565982404692082,-0.2221407624633431,0.16972140762463342,0.20454545454545456,0.19134897360703812,0.23936950146627567,0.46187683284457476,0.4505131964809384,0.1000733137829912,0.04032258064516129,0.002932551319648094,0.08907624633431085,-0.015762463343108504,0.017595307917888565,0.5150293255131965,0.39626099706744866,0.5626832844574781,0.5832111436950147,0.7122434017595308,0.7305718475073314
relative_power__delta__R1,-0.056818181818181816,-0.0967741935483871,-0.15139296187683285,-0.24633431085043989,-0.28848973607038125,-0.31451612903225806,0.24523460410557185,0.1528592375366569,0.08431085043988269,0.0036656891495601175,-0.29545454545454547,-0.24633431085043989,0.7129765395894428,0.75,0.6759530791788856,0.655791788856305,0.5832111436950147,0.6077712609970675,0.4252199413489736,0.4351173020527859,0.4468475073313783,0.38929618768328444,0.3390762463343108,0.36986803519061584,0.5212609970674487,0.5461876832844574,0.39259530791788855,0.3658357771260997,0.1843841642228739,0.12683284457478006,-0.9182551319648093,-0.9112903225806451,-0.8467741935483871,-0.8390762463343109,-0.6869501466275659,-0.7151759530791789,-0.7225073313782991,-0.6590909090909091,-0.5736803519061584,-0.5703812316715543,-0.4241202346041056,-0.40982404692082114,1.0,0.9794721407624634,0.9622434017595308,0.9516129032258065,0.8980938416422287,0.8914956011730205,0.22140762463343108,0.2254398826979472,0.1627565982404692,0.20857771260997068,0.16788856304985336,0.312316715542522,0.09897360703812316,0.1030058651026393,0.18804985337243402,0.13856304985337242,0.1774193548387097,0.17228739002932553,-0.22434017595307917,-0.10997067448680352,-0.1429618768328446,-0.0872434017595308,-0.00843108504398827,0.1030058651026393
relative_power__delta__R2,-0.06598240469208211,-0.1030058651026393,-0.16752199413489735,-0.2723607038123167,-0.28225806451612906,-0.3027859237536657,0.23313782991202345,0.1462609970674487,0.06854838709677419,-0.011363636363636364,-0.28885630498533726,-0.26136363636363635,0.7052785923753666,0.7543988269794721,0.6697214076246334,0.6455278592375366,0.5890762463343109,0.6165689149560117,0.4244868035190616,0.42925219941348974,0.42668621700879766,0.38269794721407624,0.3588709677419355,0.3555718475073314,0.5021994134897361,0.5344574780058651,0.3845307917888563,0.3486070381231672,0.1693548387096774,0.11290322580645161,-0.9090909090909091,-0.908357771260997,-0.8405425219941349,-0.8500733137829912,-0.6807184750733137,-0.7056451612903226,-0.7287390029325513,-0.6774193548387096,-0.591275659824047,-0.5795454545454546,-0.43548387096774194,-0.42998533724340177,0.9794721407624634,1.0,0.9732404692082112,0.9736070381231672,0.906524926686217,0.8988269794721407,0.24560117302052786,0.21370967741935484,0.16092375366568915,0.218475073313783,0.187683284457478,0.29838709677419356,0.04288856304985337,0.06854838709677419,0.14442815249266863,0.10850439882697947,0.14809384164222875,0.14516129032258066,-0.2368035190615836,-0.1282991202346041,-0.14589442815249268,-0.08247800586510264,-0.001466275659824047,0.07881231671554252
relative_power__delta__R3,-0.1184017595307918,-0.15102639296187684,-0.23240469208211142,-0.33321114369501464,-0.35740469208211145,-0.37719941348973607,0.20821114369501467,0.12023460410557185,0.04728739002932551,-0.011363636363636364,-0.31451612903225806,-0.29178885630498536,0.6752199413489736,0.7045454545454546,0.6367302052785924,0.625,0.5597507331378299,0.5894428152492669,0.38599706744868034,0.3775659824046921,0.3720674486803519,0.35667155425219943,0.3497067448680352,0.3251466275659824,0.46884164222873903,0.5021994134897361,0.3467741935483871,0.3262463343108504,0.13673020527859236,0.07697947214076246,-0.9046920821114369,-0.8885630498533724,-0.8643695014662757,-0.8724340175953079,-0.7309384164222874,-0.7613636363636364,-0.6994134897360704,-0.6528592375366569,-0.5663489736070382,-0.5201612903225806,-0.37719941348973607,-0.37023460410557185,0.9622434017595308,0.9732404692082112,1.0,0.9813049853372434,0.9395161290322581,0.9391495601173021,0.22140762463343108,0.18218475073313783,0.1436950146627566,0.1968475073313783,0.22250733137829912,0.31744868035190615,0.0531524926686217,0.0689149560117302,0.16972140762463342,0.13856304985337242,0.18255131964809385,0.19464809384164222,-0.2437683284457478,-0.16129032258064516,-0.1433284457478006,-0.06744868035190615,0.04875366568914956,0.13086510263929618
relative_power__delta__R4,-0.12866568914956011,-0.1631231671554252,-0.2631964809384164,-0.3647360703812317,-0.38343108504398826,-0.4035923753665689,0.2250733137829912,0.14186217008797655,0.07771260997067449,-0.002565982404692082,-0.28519061583577715,-0.2690615835777126,0.6686217008797654,0.7045454545454546,0.625733137829912,0.6125366568914956,0.5513196480938416,0.5773460410557185,0.4043255131964809,0.4002932551319648,0.41642228739002934,0.36730205278592376,0.38929618768328444,0.35447214076246336,0.4530791788856305,0.48570381231671556,0.32038123167155425,0.29838709677419356,0.1059384164222874,0.04398826979472141,-0.9142228739002932,-0.905791788856305,-0.8929618768328446,-0.9028592375366569,-0.7686950146627566,-0.7855571847507331,-0.6832844574780058,-0.6301319648093842,-0.5238269794721407,-0.500733137829912,-0.3412756598240469,-0.3416422287390029,0.9516129032258065,0.9736070381231672,0.9813049853372434,1.0,0.9479472140762464,0.9424486803519062,0.25843108504398826,0.23057184750733137,0.2005131964809384,0.24413489736070382,0.28848973607038125,0.37390029325513197,0.024926686217008796,0.053519061583577714,0.12353372434017595,0.11546920821114369,0.15212609970674487,0.16495601173020527,-0.19538123167155425,-0.11180351906158358,-0.09164222873900293,-0.025293255131964808,0.11143695014662756,0.18511730205278593
relative_power__delta__R5,-0.15139296187683285,-0.18804985337243402,-0.3163489736070381,-0.4116568914956012,-0.4838709677419355,-0.49230205278592376,0.20234604105571846,0.12280058651026393,0.053885630498533725,-0.005498533724340176,-0.312316715542522,-0.28189149560117305,0.6268328445747801,0.6594574780058651,0.5832111436950147,0.5703812316715543,0.5296920821114369,0.5395894428152492,0.34457478005865105,0.375366568914956,0.375733137829912,0.3416422287390029,0.36656891495601174,0.3409090909090909,0.44538123167155425,0.48533724340175954,0.31414956011730205,0.3060850439882698,0.08870967741935484,0.045087976539589444,-0.8852639296187683,-0.8999266862170088,-0.8944281524926686,-0.9292521994134897,-0.8658357771260997,-0.8801319648093842,-0.657258064516129,-0.5887096774193549,-0.4967008797653959,-0.4398826979472141,-0.27419354838709675,-0.2565982404692082,0.8980938416422287,0.906524926686217,0.9395161290322581,0.9479472140762464,1.0,0.9838709677419355,0.18878299120234604,0.23643695014662758,0.1627565982404692,0.2320381231671554,0.3324780058651026,0.4244868035190616,0.12609970674486803,0.13233137829912023,0.20967741935483872,0.22727272727272727,0.2624633431085044,0.28848973607038125,-0.2155425219941349,-0.12023460410557185,-0.1279325513196481,0.009164222873900294,0.17668621700879766,0.27456011730205276
relative_power__delta__R6,-0.1748533724340176,-0.21627565982404692,-0.3313782991202346,-0.45161290322580644,-0.501099706744868,-0.531524926686217,0.18511730205278593,0.10887096774193548,0.0344574780058651,-0.03519061583577713,-0.31451612903225806,-0.30168621700879766,0.6037390029325513,0.6341642228739003,0.5689149560117303,0.5487536656891495,0.5098973607038123,0.5124633431085044,0.31671554252199413,0.34714076246334313,0.3280791788856305,0.2994868035190616,0.3420087976539589,0.3035190615835777,0.4219208211143695,0.4607771260997067,0.3031524926686217,0.28225806451612906,0.0905425219941349,0.03519061583577713,-0.8698680351906158,-0.8903958944281525,-0.8867302052785924,-0.9296187683284457,-0.8654692082111437,-0.9028592375366569,-0.6477272727272727,-0.5876099706744868,-0.5069648093841642,-0.42998533724340177,-0.2631964809384164,-0.2221407624633431,0.8914956011730205,0.8988269794721407,0.9391495601173021,0.9424486803519062,0.9838709677419355,1.0,0.21041055718475074,0.22434017595307917,0.13966275659824046,0.21737536656891496,0.3159824046920821,0.43878299120234604,0.1495601173020528,0.16458944281524926,0.2525659824046921,0.26392961876832843,0.3086510263929619,0.33980938416422285,-0.23277126099706744,-0.13636363636363635,-0.1436950146627566,-0.004765395894428153,0.17961876832844575,0.3090175953079179
relative_power__gamma__R1,-0.14552785923753667,-0.23900293255131966,-0.3552052785923754,-0.38306451612903225,-0.3251466275659824,-0.37060117302052786,0.2401026392961877,0.0905425219941349,-0.0469208211143695,-0.028958944281524925,-0.31744868035190615,-0.2624633431085044,0.07734604105571848,0.01686217008797654,-0.019428152492668622,-0.015395894428152493,-0.09640762463343108,-0.08431085043988269,0.5590175953079178,0.4864369501466276,0.4714076246334311,0.4153225806451613,0.25146627565982405,0.2565982404692082,-0.06928152492668621,-0.17338709677419356,-0.3057184750733138,-0.32441348973607037,-0.3973607038123167,-0.3903958944281525,-0.2994868035190616,-0.2760263929618768,-0.31671554252199413,-0.29142228739002934,-0.15799120234604105,-0.19281524926686217,0.06378299120234604,0.09530791788856305,0.05168621700879766,0.10153958944281524,0.14772727272727273,0.16972140762463342,0.22140762463343108,0.24560117302052786,0.22140762463343108,0.25843108504398826,0.18878299120234604,0.21041055718475074,1.0,0.7972873900293255,0.7859237536656891,0.8343108504398827,0.5788123167155426,0.657624633431085,-0.3881964809384164,-0.40689149560117305,-0.39626099706744866,-0.37646627565982405,-0.2987536656891496,-0.2283724340175953,0.6198680351906158,0.6022727272727273,0.5483870967741935,0.5498533724340176,0.42925219941348974,0.4112903225806452
relative_power__gamma__R2,-0.05168621700879766,-0.12903225806451613,-0.311950146627566,-0.31708211143695014,-0.3585043988269795,-0.3870967741935484,0.250733137829912,0.20711143695014664,0.09934017595307917,0.08870967741935484,-0.21407624633431085,-0.14442815249266863,0.156524926686217,0.10740469208211144,0.031158357771260997,0.030425219941348974,-0.0406891495601173,-0.036290322580645164,0.5381231671554252,0.5997067448680352,0.5502199413489736,0.4937683284457478,0.27785923753665687,0.34494134897360706,0.08577712609970674,0.00036656891495601173,-0.11803519061583578,-0.1315982404692082,-0.24853372434017595,-0.24266862170087977,-0.31085043988269795,-0.3280791788856305,-0.32111436950146627,-0.3343108504398827,-0.26099706744868034,-0.28775659824046923,0.01063049853372434,0.156158357771261,0.10557184750733138,0.1532258064516129,0.1623900293255132,0.20454545454545456,0.2254398826979472,0.21370967741935484,0.18218475073313783,0.23057184750733137,0.23643695014662758,0.22434017595307917,0.7972873900293255,1.0,0.8372434017595308,0.9193548387096774,0.6195014662756598,0.7210410557184751,-0.07844574780058651,-0.13049853372434017,-0.08064516129032258,-0.09237536656891496,0.017961876832844576,0.05901759530791789,0.6451612903225806,0.8060850439882697,0.6000733137829912,0.7382697947214076,0.5278592375366569,0.5480205278592375
relative_power__gamma__R3,-0.2958211143695015,-0.3225806451612903,-0.5175953079178885,-0.4571114369501466,-0.4534457478005865,-0.44538123167155425,0.01722873900293255,-0.03409090909090909,-0.11510263929618768,-0.1348973607038123,-0.4010263929618768,-0.3387096774193548,-0.02346041055718475,-0.060117302052785926,-0.15395894428152493,-0.13306451612903225,-0.21004398826979473,-0.17925219941348974,0.3555718475073314,0.3563049853372434,0.43218475073313783,0.29545454545454547,0.18585043988269795,0.17338709677419356,-0.15212609970674487,-0.20857771260997068,-0.3654692082111437,-0.33614369501466274,-0.47617302052785926,-0.4593108504398827,-0.21407624633431085,-0.17045454545454544,-0.2602639296187683,-0.22727272727272727,-0.18951612903225806,-0.17118768328445746,0.021994134897360705,0.10850439882697947,0.156158357771261,0.1462609970674487,0.2401026392961877,0.19134897360703812,0.1627565982404692,0.16092375366568915,0.1436950146627566,0.2005131964809384,0.1627565982404692,0.13966275659824046,0.7859237536656891,0.8372434017595308,1.0,0.876466275659824,0.7364369501466276,0.6917155425219942,-0.25146627565982405,-0.2653958944281525,-0.2653958944281525,-0.250733137829912,-0.17228739002932553,-0.14259530791788858,0.7089442815249267,0.7463343108504399,0.7793255131964809,0.7225073313782991,0.6008064516129032,0.5142961876832844
relative_power__gamma__R4,-0.20967741935483872,-0.2939882697947214,-0.4633431085043988,-0.4842375366568915,-0.46151026392961875,-0.48203812316715544,0.09494134897360704,0.013196480938416423,-0.08504398826979472,-0.07661290322580645,-0.39002932551319647,-0.29472140762463345,0.03995601173020528,-0.022727272727272728,-0.11033724340175953,-0.11400293255131964,-0.16055718475073313,-0.1623900293255132,0.43621700879765396,0.4472140762463343,0.42631964809384165,0.4112903225806452,0.2118768328445748,0.2569648093841642,-0.07368035190615836,-0.1660557184750733,-0.2862903225806452,-0.3020527859237537,-0.4211876832844575,-0.40249266862170086,-0.2756598240469208,-0.2763929618768328,-0.31121700879765396,-0.34310850439882695,-0.25219941348973607,-0.2756598240469208,0.016495601173020527,0.11803519061583578,0.12939882697947214,0.19941348973607037,0.23497067448680353,0.23936950146627567,0.20857771260997068,0.218475073313783,0.1968475073313783,0.24413489736070382,0.2320381231671554,0.21737536656891496,0.8343108504398827,0.9193548387096774,0.876466275659824,1.0,0.7419354838709677,0.783724340175953,-0.14222873900293256,-0.1631231671554252,-0.1774193548387097,-0.15139296187683285,-0.09970674486803519,-0.033357771260997066,0.7338709677419355,0.8119501466275659,0.6854838709677419,0.8376099706744868,0.6140029325513197,0.5843108504398827
relative_power__gamma__R5,-0.49156891495601174,-0.531891495601173,-0.7914222873900293,-0.7723607038123167,-0.7906891495601173,-0.750366568914956,-0.18365102639296188,-0.19794721407624633,-0.27346041055718473,-0.22910557184750732,-0.4930351906158358,-0.5062316715542522,-0.12646627565982405,-0.13599706744868034,-0.24303519061583578,-0.22947214076246333,-0.26392961876832843,-0.25806451612903225,0.09090909090909091,0.1433284457478006,0.17888563049853373,0.11070381231671554,0.19281524926686217,0.06488269794721407,-0.29545454545454547,-0.3031524926686217,-0.4901026392961877,-0.4237536656891496,-0.5997067448680352,-0.6044721407624634,-0.21957478005865103,-0.2283724340175953,-0.4116568914956012,-0.4351173020527859,-0.5282258064516129,-0.4666422287390029,0.04472140762463343,0.1063049853372434,0.2793255131964809,0.3456744868035191,0.5392228739002932,0.46187683284457476,0.16788856304985336,0.187683284457478,0.22250733137829912,0.28848973607038125,0.3324780058651026,0.3159824046920821,0.5788123167155426,0.6195014662756598,0.7364369501466276,0.7419354838709677,1.0,0.8618035190615836,-0.17045454545454544,-0.1814516129032258,-0.15872434017595308,-0.093841642228739,0.0007331378299120235,0.006231671554252199,0.5399560117302052,0.5150293255131965,0.6704545454545454,0.7401026392961877,0.9149560117302052,0.781891495601173
relative_power__gamma__R6,-0.35080645161290325,-0.39882697947214074,-0.6495601173020528,-0.6843841642228738,-0.751099706744868,-0.782991202346041,0.0021994134897360706,-0.016495601173020527,-0.13709677419354838,-0.13416422287390029,-0.4798387096774194,-0.4340175953079179,0.018328445747800588,-0.008064516129032258,-0.11620234604105571,-0.12866568914956011,-0.17302052785923755,-0.2089442815249267,0.23533724340175954,0.2958211143695015,0.30425219941348974,0.20417888563049855,0.1623900293255132,0.19941348973607037,-0.14772727272727273,-0.18548387096774194,-0.374633431085044,-0.35667155425219943,-0.5428885630498533,-0.5502199413489736,-0.36326979472140764,-0.3951612903225806,-0.5120967741935484,-0.5293255131964809,-0.5766129032258065,-0.5956744868035191,-0.0036656891495601175,0.0714809384164223,0.19941348973607037,0.2899560117302053,0.4303519061583578,0.4505131964809384,0.312316715542522,0.29838709677419356,0.31744868035190615,0.37390029325513197,0.4244868035190616,0.43878299120234604,0.657624633431085,0.7210410557184751,0.6917155425219942,0.783724340175953,0.8618035190615836,1.0,-0.0813782991202346,-0.12243401759530792,-0.10080645161290322,-0.025659824046920823,0.06854838709677419,0.11400293255131964,0.530425219941349,0.5417888563049853,0.5579178885630498,0.6818181818181818,0.7906891495601173,0.8555718475073314
relative_power__theta__R1,-0.22360703812316715,-0.1939149560117302,-0.04838709677419355,-0.1092375366568915,-0.15579178885630499,-0.18804985337243402,-0.24926686217008798,-0.15579178885630499,-0.11620234604105571,-0.15359237536656892,-0.04985337243401759,-0.08101173020527859,0.030425219941348974,0.013929618768328446,0.00843108504398827,-0.04655425219941349,0.011730205278592375,-0.015395894428152493,-0.374266862170088,-0.2936217008797654,-0.31451612903225806,-0.2936217008797654,-0.21480938416422288,-0.2562316715542522,0.11290322580645161,0.1810850439882698,0.27089442815249265,0.2760263929618768,0.24450146627565983,0.28079178885630496,-0.16862170087976538,-0.19611436950146627,-0.1744868035190616,-0.23093841642228738,-0.2595307917888563,-0.3251466275659824,-0.14002932551319647,-0.025293255131964808,-0.07404692082111437,0.010263929618768328,-0.020894428152492667,0.1000733137829912,0.09897360703812316,0.04288856304985337,0.0531524926686217,0.024926686217008796,0.12609970674486803,0.1495601173020528,-0.3881964809384164,-0.07844574780058651,-0.25146627565982405,-0.14222873900293256,-0.17045454545454544,-0.0813782991202346,1.0,0.9486803519061584,0.9090909090909091,0.9365835777126099,0.7584310850439883,0.7983870967741935,-0.12390029325513197,0.10997067448680352,-0.09164222873900293,0.11693548387096774,-0.06744868035190615,0.1092375366568915
relative_power__theta__R2,-0.17045454545454544,-0.13563049853372433,-0.015395894428152493,-0.09310850439882698,-0.1158357771260997,-0.156524926686217,-0.2250733137829912,-0.13416422287390029,-0.060117302052785926,-0.13892961876832843,0.004032258064516129,-0.04728739002932551,0.0714809384164223,0.07441348973607038,0.07514662756598241,0.02126099706744868,0.08907624633431085,0.04655425219941349,-0.3614369501466276,-0.2844574780058651,-0.2958211143695015,-0.26392961876832843,-0.1462609970674487,-0.218475073313783,0.15029325513196481,0.23936950146627567,0.3288123167155425,0.3247800586510264,0.30828445747800587,0.32661290322580644,-0.1528592375366569,-0.18511730205278593,-0.16385630498533724,-0.2404692082111437,-0.26466275659824046,-0.3350439882697947,-0.23570381231671556,-0.13563049853372433,-0.13856304985337242,-0.07111436950146628,-0.08064516129032258,0.04032258064516129,0.1030058651026393,0.06854838709677419,0.0689149560117302,0.053519061583577714,0.13233137829912023,0.16458944281524926,-0.40689149560117305,-0.13049853372434017,-0.2653958944281525,-0.1631231671554252,-0.1814516129032258,-0.12243401759530792,0.9486803519061584,1.0,0.8892961876832844,0.9431818181818182,0.7426686217008798,0.7862903225806451,-0.18841642228739003,0.042155425219941346,-0.1528592375366569,0.07661290322580645,-0.0872434017595308,0.07441348973607038
relative_power__theta__R3,-0.16678885630498533,-0.12573313782991202,-0.07404692082111437,-0.12096774193548387,-0.19134897360703812,-0.21407624633431085,-0.2694281524926686,-0.1594574780058651,-0.1528592375366569,-0.1906158357771261,-0.0967741935483871,-0.15579178885630499,0.07221407624633432,0.11033724340175953,0.08907624633431085,0.04398826979472141,0.06304985337243402,0.06158357771260997,-0.3614369501466276,-0.26136363636363635,-0.3581378299120235,-0.2785923753665689,-0.2122434017595308,-0.26832844574780057,0.12023460410557185,0.2254398826979472,0.28775659824046923,0.2785923753665689,0.2785923753665689,0.2620967741935484,-0.17558651026392963,-0.21334310850439883,-0.1939149560117302,-0.25439882697947214,-0.3277126099706745,-0.3852639296187683,-0.2587976539589443,-0.17705278592375367,-0.20454545454545456,-0.12243401759530792,-0.08174486803519061,0.002932551319648094,0.18804985337243402,0.14442815249266863,0.16972140762463342,0.12353372434017595,0.20967741935483872,0.2525659824046921,-0.39626099706744866,-0.08064516129032258,-0.2653958944281525,-0.1774193548387097,-0.15872434017595308,-0.10080645161290322,0.9090909090909091,0.8892961876832844,1.0,0.9285190615835777,0.906524926686217,0.8684017595307918,-0.24303519061583578,0.013929618768328446,-0.12866568914956011,0.056085043988269793,-0.047653958944281524,0.10410557184750734
relative_power__theta__R4,-0.24230205278592376,-0.21810850439882698,-0.1345307917888563,-0.20454545454545456,-0.25439882697947214,-0.2837243401759531,-0.2965542521994135,-0.20674486803519063,-0.16165689149560117,-0.22910557184750732,-0.11473607038123167,-0.17192082111436952,0.031158357771260997,0.02932551319648094,0.0186950146627566,-0.03372434017595308,0.03995601173020528,-0.0007331378299120235,-0.41312316715542524,-0.3376099706744868,-0.37609970674486803,-0.3456744868035191,-0.19574780058651026,-0.2873900293255132,0.08577712609970674,0.16495601173020527,0.24743401759530792,0.2532991202346041,0.23313782991202345,0.23423753665689148,-0.19318181818181818,-0.2280058651026393,-0.2470674486803519,-0.3152492668621701,-0.38673020527859236,-0.44574780058651026,-0.2250733137829912,-0.12463343108504399,-0.14186217008797655,-0.03189149560117302,-0.019428152492668622,0.08907624633431085,0.13856304985337242,0.10850439882697947,0.13856304985337242,0.11546920821114369,0.22727272727272727,0.26392961876832843,-0.37646627565982405,-0.09237536656891496,-0.250733137829912,-0.15139296187683285,-0.093841642228739,-0.025659824046920823,0.9365835777126099,0.9431818181818182,0.9285190615835777,1.0,0.8537390029325513,0.8936950146627566,-0.1968475073313783,0.020894428152492667,-0.11326979472140762,0.10520527859237537,0.013563049853372434,0.17521994134897362
relative_power__theta__R5,-0.14919354838709678,-0.1217008797653959,-0.15762463343108504,-0.20454545454545456,-0.30498533724340177,-0.3189149560117302,-0.2793255131964809,-0.1781524926686217,-0.20344574780058652,-0.22653958944281524,-0.16458944281524926,-0.2280058651026393,0.04912023460410557,0.1092375366568915,0.06341642228739003,0.02126099706744868,0.05718475073313783,0.047653958944281524,-0.3350439882697947,-0.2089442815249267,-0.3313782991202346,-0.28152492668621704,-0.16642228739002932,-0.23790322580645162,0.056818181818181816,0.14846041055718476,0.19831378299120234,0.1942815249266862,0.22763929618768328,0.19538123167155425,-0.11766862170087977,-0.17155425219941348,-0.19171554252199413,-0.2752932551319648,-0.40542521994134895,-0.4501466275659824,-0.32368035190615835,-0.2529325513196481,-0.2782258064516129,-0.1689882697947214,-0.09237536656891496,-0.015762463343108504,0.1774193548387097,0.14809384164222875,0.18255131964809385,0.15212609970674487,0.2624633431085044,0.3086510263929619,-0.2987536656891496,0.017961876832844576,-0.17228739002932553,-0.09970674486803519,0.0007331378299120235,0.06854838709677419,0.7584310850439883,0.7426686217008798,0.906524926686217,0.8537390029325513,1.0,0.9479472140762464,-0.23900293255131966,0.022727272727272728,-0.13233137829912023,0.06964809384164222,0.06598240469208211,0.19134897360703812
relative_power__theta__R6,-0.12756598240469208,-0.13599706744868034,-0.11766862170087977,-0.21151026392961877,-0.2844574780058651,-0.32954545454545453,-0.18804985337243402,-0.12866568914956011,-0.13892961876832843,-0.17082111436950145,-0.11473607038123167,-0.15249266862170088,0.12133431085043989,0.10850439882697947,0.09897360703812316,0.051319648093841645,0.12390029325513197,0.08651026392961877,-0.25549853372434017,-0.17412023460410558,-0.27126099706744866,-0.20711143695014664,-0.07844574780058651,-0.16092375366568915,0.13709677419354838,0.1810850439882698,0.25733137829912023,0.2620967741935484,0.28189149560117305,0.2716275659824047,-0.17668621700879766,-0.22287390029325513,-0.23570381231671556,-0.3420087976539589,-0.41642228739002934,-0.4959677419354839,-0.2862903225806452,-0.17961876832844575,-0.2925219941348974,-0.12060117302052786,-0.1187683284457478,0.017595307917888565,0.17228739002932553,0.14516129032258066,0.19464809384164222,0.16495601173020527,0.28848973607038125,0.33980938416422285,-0.2283724340175953,0.05901759530791789,-0.14259530791788858,-0.033357771260997066,0.006231671554252199,0.11400293255131964,0.7983870967741935,0.7862903225806451,0.8684017595307918,0.8936950146627566,0.9479472140762464,1.0,-0.1631231671554252,0.09164222873900293,-0.14259530791788858,0.12939882697947214,0.05168621700879766,0.2151759530791789
spectral_entropy__broadband__R1,-0.19134897360703812,-0.27785923753665687,-0.3812316715542522,-0.33394428152492667,-0.33064516129032256,-0.35777126099706746,-0.09310850439882698,-0.1312316715542522,-0.16348973607038123,-0.17375366568914957,-0.2829912023460411,-0.1975806451612903,-0.2936217008797654,-0.39589442815249265,-0.44208211143695014,-0.437316715542522,-0.4912023460410557,-0.48607038123167157,0.15175953079178886,0.1000733137829912,0.1063049853372434,0.07038123167155426,-0.12463343108504399,-0.06378299120234604,-0.32661290322580644,-0.4318181818181818,-0.5186950146627566,-0.4879032258064516,-0.594574780058651,-0.530791788856305,0.12316715542521994,0.14479472140762464,0.06854838709677419,0.08944281524926687,0.11107038123167155,0.10043988269794721,0.48203812316715544,0.5436217008797654,0.49853372434017595,0.5527859237536656,0.5032991202346041,0.5150293255131965,-0.22434017595307917,-0.2368035190615836,-0.2437683284457478,-0.19538123167155425,-0.2155425219941349,-0.23277126099706744,0.6198680351906158,0.6451612903225806,0.7089442815249267,0.7338709677419355,0.5399560117302052,0.530425219941349,-0.12390029325513197,-0.18841642228739003,-0.24303519061583578,-0.1968475073313783,-0.23900293255131966,-0.1631231671554252,1.0,0.8991935483870968,0.8709677419354839,0.8372434017595308,0.5810117302052786,0.5164956011730205
spectral_entropy__broadband__R2,-0.13929618768328444,-0.2155425219941349,-0.31158357771260997,-0.2859237536656892,-0.3031524926686217,-0.3277126099706745,-0.015029325513196481,-0.018328445747800588,-0.06341642228739003,-0.0780791788856305,-0.2093108504398827,-0.13049853372434017,-0.14002932551319647,-0.2221407624633431,-0.28115835777126097,-0.2906891495601173,-0.33394428152492667,-0.3229472140762463,0.23423753665689148,0.2540322580645161,0.22653958944281524,0.20454545454545456,-0.009530791788856305,0.0469208211143695,-0.1466275659824047,-0.2401026392961877,-0.29178885630498536,-0.27749266862170086,-0.36693548387096775,-0.3097507331378299,0.0032991202346041057,0.0018328445747800588,-0.019794721407624633,-0.03482404692082111,0.011363636363636364,-0.010997067448680353,0.32001466275659823,0.4560117302052786,0.35703812316715544,0.42008797653958946,0.3563049853372434,0.39626099706744866,-0.10997067448680352,-0.1282991202346041,-0.16129032258064516,-0.11180351906158358,-0.12023460410557185,-0.13636363636363635,0.6022727272727273,0.8060850439882697,0.7463343108504399,0.8119501466275659,0.5150293255131965,0.5417888563049853,0.10997067448680352,0.042155425219941346,0.013929618768328446,0.020894428152492667,0.022727272727272728,0.09164222873900293,0.8991935483870968,1.0,0.7980205278592375,0.8812316715542522,0.5267595307917888,0.5062316715542522
spectral_entropy__broadband__R3,-0.4090909090909091,-0.4010263929618768,-0.6121700879765396,-0.4930351906158358,-0.5208944281524927,-0.4904692082111437,-0.29765395894428154,-0.23973607038123168,-0.29472140762463345,-0.2969208211143695,-0.4215542521994135,-0.3980938416422287,-0.3951612903225806,-0.4039589442815249,-0.5194281524926686,-0.49780058651026393,-0.5872434017595308,-0.5399560117302052,-0.03409090909090909,-0.02346041055718475,-0.004032258064516129,-0.09640762463343108,-0.1909824046920821,-0.2089442815249267,-0.44904692082111436,-0.4640762463343108,-0.6202346041055719,-0.5575513196480938,-0.7034457478005866,-0.6678885630498533,0.07001466275659823,0.10960410557184751,-0.056085043988269793,0.015762463343108504,-0.0469208211143695,0.0018328445747800588,0.41605571847507333,0.45491202346041054,0.5707478005865103,0.5593841642228738,0.6469941348973607,0.5626832844574781,-0.1429618768328446,-0.14589442815249268,-0.1433284457478006,-0.09164222873900293,-0.1279325513196481,-0.1436950146627566,0.5483870967741935,0.6000733137829912,0.7793255131964809,0.6854838709677419,0.6704545454545454,0.5579178885630498,-0.09164222873900293,-0.1528592375366569,-0.12866568914956011,-0.11326979472140762,-0.13233137829912023,-0.14259530791788858,0.8709677419354839,0.7980205278592375,1.0,0.8504398826979472,0.7434017595307918,0.6195014662756598
spectral_entropy__broadband__R4,-0.32074780058651026,-0.3724340175953079,-0.5637829912023461,-0.5395894428152492,-0.5604838709677419,-0.5597507331378299,-0.18181818181818182,-0.15102639296187684,-0.2001466275659824,-0.1807184750733138,-0.3588709677419355,-0.3156158357771261,-0.24230205278592376,-0.30718475073313783,-0.39956011730205276,-0.39919354838709675,-0.4340175953079179,-0.43328445747800587,0.06708211143695014,0.1059384164222874,0.06524926686217009,0.08174486803519061,-0.045454545454545456,-0.050953079178885634,-0.28079178885630496,-0.32734604105571846,-0.4277859237536657,-0.39296187683284456,-0.532624633431085,-0.4959677419354839,-0.023826979472140762,-0.02969208211143695,-0.13966275659824046,-0.17228739002932553,-0.19318181818181818,-0.19538123167155425,0.32661290322580644,0.4310850439882698,0.46957478005865105,0.5637829912023461,0.5839442815249267,0.5832111436950147,-0.0872434017595308,-0.08247800586510264,-0.06744868035190615,-0.025293255131964808,0.009164222873900294,-0.004765395894428153,0.5498533724340176,0.7382697947214076,0.7225073313782991,0.8376099706744868,0.7401026392961877,0.6818181818181818,0.11693548387096774,0.07661290322580645,0.056085043988269793,0.10520527859237537,0.06964809384164222,0.12939882697947214,0.8372434017595308,0.8812316715542522,0.8504398826979472,1.0,0.7873900293255132,0.7250733137829912
spectral_entropy__broadband__R5,-0.4783724340175953,-0.49560117302052786,-0.7903225806451613,-0.748533724340176,-0.8064516129032258,-0.7789589442815249,-0.31158357771260997,-0.2401026392961877,-0.2965542521994135,-0.2701612903225806,-0.43841642228739003,-0.48277126099706746,-0.30755131964809385,-0.2928885630498534,-0.40652492668621704,-0.38966275659824046,-0.44904692082111436,-0.4464809384164223,-0.1125366568914956,-0.015762463343108504,-0.026759530791788857,-0.09347507331378299,-0.018328445747800588,-0.12463343108504399,-0.4153225806451613,-0.3881964809384164,-0.5773460410557185,-0.5029325513196481,-0.6711876832844574,-0.6854838709677419,-0.04325513196480939,-0.0718475073313783,-0.27712609970674484,-0.28848973607038125,-0.45197947214076245,-0.3944281524926686,0.2565982404692082,0.31451612903225806,0.5183284457478006,0.5780791788856305,0.7672287390029325,0.7122434017595308,-0.00843108504398827,-0.001466275659824047,0.04875366568914956,0.11143695014662756,0.17668621700879766,0.17961876832844575,0.42925219941348974,0.5278592375366569,0.6008064516129032,0.6140029325513197,0.9149560117302052,0.7906891495601173,-0.06744868035190615,-0.0872434017595308,-0.047653958944281524,0.013563049853372434,0.06598240469208211,0.05168621700879766,0.5810117302052786,0.5267595307917888,0.7434017595307918,0.7873900293255132,1.0,0.906158357771261
spectral_entropy__broadband__R6,-0.43914956011730205,-0.4501466275659824,-0.7126099706744868,-0.7247067448680352,-0.8119501466275659,-0.8548387096774194,-0.23020527859237536,-0.14809384164222875,-0.21004398826979473,-0.23497067448680353,-0.4340175953079179,-0.4596774193548387,-0.2151759530791789,-0.21700879765395895,-0.31378299120234604,-0.3181818181818182,-0.38892961876832843,-0.4208211143695015,-0.08247800586510264,0.026759530791788857,0.006231671554252199,-0.0846774193548387,-0.09750733137829912,-0.09494134897360704,-0.3163489736070381,-0.28482404692082114,-0.4666422287390029,-0.4277859237536657,-0.6103372434017595,-0.6356304985337243,-0.1627565982404692,-0.21041055718475074,-0.36436950146627567,-0.3848973607038123,-0.5300586510263929,-0.5377565982404692,0.18951612903225806,0.2657624633431085,0.436950146627566,0.5201612903225806,0.6935483870967742,0.7305718475073314,0.1030058651026393,0.07881231671554252,0.13086510263929618,0.18511730205278593,0.27456011730205276,0.3090175953079179,0.4112903225806452,0.5480205278592375,0.5142961876832844,0.5843108504398827,0.781891495601173,0.8555718475073314,0.1092375366568915,0.07441348973607038,0.10410557184750734,0.17521994134897362,0.19134897360703812,0.2151759530791789,0.5164956011730205,0.5062316715542522,0.6195014662756598,0.7250733137829912,0.906158357771261,1.0
