,roc_auc,roc_auc,roc_auc,average_precision,average_precision,average_precision,balanced_accuracy,balanced_accuracy,balanced_accuracy,sensitivity,sensitivity,sensitivity,specificity,specificity,specificity,f1,f1,f1
,mean,std,median,mean,std,median,mean,std,median,mean,std,median,mean,std,median,mean,std,median
model,,,,,,,,,,,,,,,,,,
channel__xgboost,0.5479166666666667,0.25228306934081685,0.5416666666666667,0.8259325396825397,0.11002492082275157,0.8297619047619047,0.5375,0.21709640244190223,0.5,0.7,0.22685234912624017,0.6666666666666666,0.375,0.3931987578285246,0.5,0.7192535242535243,0.1578495325535288,0.6666666666666666
roi__lda,0.5416666666666667,0.2710441150084277,0.5416666666666666,0.831765873015873,0.11627967595075155,0.8277777777777778,0.5208333333333333,0.19473140896482752,0.5,0.7166666666666667,0.17184924714030628,0.6666666666666666,0.325,0.3725799101852973,0.25,0.7312504162504163,0.1217951627100939,0.7482517482517483
roi__knn,0.4729166666666667,0.22017860572964995,0.5,0.7907539682539683,0.09945350165876247,0.8013888888888889,0.5083333333333333,0.14534693321206354,0.5,0.8416666666666666,0.13759632458031612,0.8333333333333334,0.175,0.2935714743061999,0.0,0.7918997668997669,0.0799041818632235,0.8333333333333334
roi__xgboost,0.4958333333333333,0.23874519682257053,0.5416666666666666,0.7974206349206349,0.10237152106961325,0.7875,0.5041666666666667,0.158748302012377,0.5,0.6583333333333333,0.21948237883685118,0.6666666666666666,0.35,0.3284733426658931,0.5,0.6835392385392385,0.16106729147611226,0.7272727272727273
roi__dummy,0.5,0.0,0.5,0.75,0.0,0.75,0.5,0.0,0.5,1.0,0.0,1.0,0.0,0.0,0.0,0.8571428571428571,0.0,0.8571428571428571
channel__dummy,0.5,0.0,0.5,0.75,0.0,0.75,0.5,0.0,0.5,1.0,0.0,1.0,0.0,0.0,0.0,0.8571428571428571,0.0,0.8571428571428571
roi__logistic_elastic_net,0.525,0.23116157231386858,0.5416666666666666,0.821765873015873,0.10867116582865138,0.8357142857142856,0.4875,0.18589714505072877,0.45833333333333337,0.625,0.2642157102075269,0.6666666666666666,0.35,0.36634754853252327,0.5,0.6452272727272728,0.2293684863589366,0.7272727272727273
channel__logistic_elastic_net,0.5625,0.2661109890243771,0.5833333333333333,0.8327976190476191,0.12458782710423945,0.8773809523809524,0.4875,0.17990210138258905,0.45833333333333337,0.675,0.25058411294577065,0.6666666666666666,0.3,0.37696851746252596,0.0,0.6779928404928405,0.21801404428559118,0.717948717948718
channel__knn,0.5041666666666667,0.18431753366507014,0.5416666666666666,0.7827976190476191,0.09570810254401325,0.7773809523809524,0.4791666666666667,0.11106541457982982,0.5,0.7333333333333333,0.15672078199387574,0.75,0.225,0.2552088927670202,0.0,0.7292107892107892,0.09052973612529958,0.7482517482517483
channel__lda,0.5083333333333333,0.26887789354542874,0.5833333333333334,0.815436507936508,0.12540177570254823,0.8555555555555556,0.4708333333333333,0.18785298158415925,0.4166666666666667,0.6666666666666667,0.20232565955562798,0.6666666666666666,0.275,0.34316637057662985,0.0,0.6858214008214009,0.1525772503881165,0.7272727272727273
